Company Names,Cars Names,Engines,CC/Battery Capacity,HorsePower,Top Speed(km/h),Performance(0-100),Car Prices$,Fuel Types,Seats,Torque(Nm)
Ford,F-150 Lightning,Electric Motor,98 kWh,452,180,4.5,90000,Electric,5,1051
Ford,Mustang Mach-E,Electric Motor,68kWh,290,180,3.5,61000,Electric,5,430
Volkswagen,Polo,1.0L Turbo I3 / 1.6L Diesel,999 cc / 1598 cc,80,190,9.5,18000,Petrol,5,175
Volkswagen,T-Roc Cabriolet,1.0L I3 Turbo / 1.5L I4 Turbo,999 cc / 1498 cc,115,205,9.6,35000,Petrol,4,250
Volkswagen,T-Cross R-Line,1.0L I3 Turbo / 1.5L I4 Turbo,999 cc / 1498 cc,115,200,8.5,27000,Petrol,5,250
Volkswagen,T-Cross,1.0L Turbo I3 / 1.5L Turbo I4,999 cc / 1498 cc,95,200,10.2,25000,Petrol,5,250
Volkswagen,Up! GTI,1.0L Turbo I3,999 cc,115,196,8.8,20000,Petrol,4,200
Volkswagen,Polo Beats,1.0L I3 Turbo,999 cc,95,187,9.5,22000,Petrol,5,175
Nissan,Almera,1.0L Turbocharged Inline-3,999 cc,100,185,10.7,14500,Petrol,5,160
Nissan,Juke,1.0L Turbocharged Inline-3,999 cc,117,180,10.4,25000,Petrol,5,180
Nissan,Micra,1.0L Turbocharged Inline-3,999 cc,100,175,10.8,15500,Petrol,5,160
Nissan,Magnite,1.0L Turbocharged Inline-3,999 cc,100,160,13,12000,Petrol,5,160
Volkswagen,Up! Cabriolet,1.0L I3 Turbo,999 cc,82,160,12.4,18000,Petrol,4,95
Toyota,AYGO X,"1.0L,INLINE-3",998 cc,71,160,14.8,18000,Petrol,4,93
Nissan,Figaro,1.0L Turbo Inline-4,987 cc,76,170,12.8,20000,Petrol,4,103
Porsche,Macan EV ,Dual Electric Motors,95 kWh,603,240,4,85000,Electric,5,750
Audi,E-TRON SPORTBACK,ELECTRIC,95 kwh,402,200,5.5,78000,Electric,5,664
Audi,E-TRON,ELECTRIC ,95 kwh,402,200,5.5,75000,Electric,5,664
Porsche,Taycan Turbo S Cross Turismo,Dual Electric Motors,93.4 kWh,750,260,2.9,190000,Electric,4,1050
Porsche,Taycan Turbo S,Dual Electric Motors,93.4 kWh,750,260,2.8,185000,Electric,4,1050
Porsche,Taycan Turbo,Dual Electric Motors,93.4 kWh,670,260,3.2,150900,Electric,4,850
Porsche,Taycan GTS,Dual Electric Motors,93.4 kWh,590,250,3.5,132750,Electric,4,850
Jaguar Land Rover,Jaguar I-PACE,Electric (Dual Motor),90 kWh (Battery),400,200,4.8,70000,Electric,5,696
Ford,Transit Electric (E-Transit),Electric Motor,89 kWh (Electric),266,140,9,52000,Electric,12,430
Nissan,Ariya ,Dual Electric Motors,87 kWh,389,200,5.1,58950,Electric,5,600
Tesla,Model 3 Performance,Dual Electric Motors (AWD),82 kWh,450,261,3.1,53240,Electric,5,660
Tesla,Model Y Long Range,Dual Electric Motors (AWD),82 kWh,384,217,4.8,50490,Electric,5,559
Porsche,Taycan 4S,Dual Electric Motors,79.2 kWh,522,250,4,103800,Electric,4,640
Porsche,Taycan Sport Turismo,Dual Electric Motors,79.2 kWh,509,240,4.1,104000,Electric,5,650
Porsche,Taycan Sport Turismo Base,Dual Electric Motors,79.2 kWh,375,230,5.4,90500,Electric,4,500
Porsche,Taycan Base,Dual Electric Motors,79.2 kWh,321,230,5.4,86700,Electric,4,345
Porsche,Taycan,Dual Electric Motors,79.2 kWh,402,230,5.4,86700,Electric,4,344
Volvo,Volvo FE,7.7L I6 Turbo Diesel,7700 cc,280,90,20,85000,Diesel,2,1200
Kia,EV6 GT Performance,Electric Motor,77.4 kWh,577,260,3.5,65000,Electric,5,740
Kia,EV6 AWD GT-Line,Electric Motor,77.4 kWh,320,230,5,60000,Electric,5,450
Volkswagen,ID.4 GTX,Electric AWD,77 kWh,299,180,6.2,50000,Electric,5,460
Volkswagen,ID.3 GTX,Electric,77 kWh,299,180,6.2,45000,Electric,5,310
Volkswagen,ID.4 Pro S,Electric,77 kWh,201,180,7.8,45000,Electric,5,310
Volkswagen,ID.5,Electric,77 kWh,174,180,8.4,45000,Electric,5,310
Volkswagen,ID.4,Electric,77 kWh,201,160,7.8,39735,Electric,5,310
Volkswagen,ID. Buzz,Electric,77 kWh,204,145,10.2,59995,Electric,7,310
Tesla,Model Y,Single Electric Motor (RWD),75 kWh,346,217,5,47490,Electric,5,498
Toyota,PROACE VERSO ELECTRIC,ELECTRIC MOTOR,75 KWH,136,130,13.5,55000,Electric,7,280
Peugeot,Expert Electric,Electric Motor,75 kWh,136,130,9.5,45000,Electric,5,260
Hyundai,IONIQ 5,ELECTRIC MOTOR,72.6 KWH,225,185,7.4,41000,Electric,5,350
Mitsubishi,Fuso Fighter (Truck),7.5L Diesel,"7,500 cc",240,120,17,70000,Diesel,2,686
Ford,E-Series Cutaway,V8 Gasoline Engine,"7,300 cc",350,140,13,36000,Petrol,2,569
GMC,Sierra 3500HD,6.6L V8 Diesel,6600 cc,445,175,7.4,49000,Diesel,6,1234
GMC,Sierra 2500HD Denali,6.6L V8 Diesel,6600 cc,401,175,7.5,72200,Diesel,6,1234
GMC,Sierra 2500HD,6.6L V8 Diesel,6600 cc,401,175,7.5,43900,Diesel,6,629
Chevrolet,Silverado 2500HD,6.6L V8 Gasoline,6600 cc,401,170,8,41500,Petrol,6,629
Chevrolet,Silverado 3500HD High Country,6.6L V8 Diesel,6600 cc,445,160,8.5,75700,Diesel,6,1234
Chevrolet,Silverado 2500HD LTZ,6.6L V8 Diesel,6600 cc,445,160,8.4,56400,Diesel,6,1234
Chevrolet,Silverado 3500HD,6.6L V8 Diesel,6600 cc,445,160,8.5,45500,Diesel,6,1234
Mitsubishi,eK X,0.7L 3-Cylinder,660 cc,64,140,13.5,12000,Petrol,4,94
Mazda,Carol,660cc Inline-3,660 cc,63,140,15.5,9000,Petrol,4,90
Mitsubishi,i (Kei Car),0.7L 3-Cylinder,660 cc,64,130,15.5,12000,Petrol,4,94
Mazda,Scrum,660cc Inline-3,660 cc,63,130,15,9000,Petrol,4,85
Mazda,Spiano,660cc Inline-3,660 cc,54,130,16,8000,Petrol,4,80
Mitsubishi,Toppo BJ,0.7L 3-Cylinder,660 cc,52,130,15,10000,Petrol,4,60
Mitsubishi,eK Space,0.7L 3-Cylinder,660 cc,52,130,15,10000,Petrol,4,60
Mitsubishi,Town Box,0.7L 3-Cylinder,660 cc,48,120,16,10000,Petrol,4,60
Chevrolet,Bolt EV Premier,Single Electric Motor,66 kWh,200,150,6.5,31700,Electric,5,360
Chevrolet,Bolt EUV,Single Electric Motor,66 kWh,200,150,7,28795,Electric,5,360
Chevrolet,Bolt EV 2LT,Single Electric Motor,66 kWh,200,150,6.7,28795,Electric,5,360
Chevrolet,Bolt EV,Single Electric Motor,66 kWh,200,150,6.5,27495,Electric,5,360
Nissan,Clipper,660cc Inline-3,659 cc,48,110,18.5,10000,Petrol,4,62
Mazda,Autozam AZ-1,657cc Turbocharged Inline-3,657 cc,63,140,11,12000,Petrol,2,85
Mazda,Scrum Wagon,0.66L Inline-3,657 cc,64,120,15.5,10000,Petrol,4,95
Toyota,BZ3,ELECTRIC MOTOR,65 KWH,241,160,7.5,35000,Electric,5,340
Ferrari,812 GTS,V12,6496 cc,789,340,2.9,350000,Petrol,2,718
Jeep,Grand Wagoneer,6.4L V8 Gasoline,6400 cc,471,190,6,91495,Petrol,8,617
Jeep,Wrangler 392,6.4L V8 HEMI Gasoline,6400 cc,470,160,4.5,82495,Petrol,4,637
Toyota,BZ4X,ELECTRIC,"64.8 kwh (Base Model),72.8 kwh (Higher End Model",218,200,7.5,43400,Electric,5,330
Tata Motors,Nano GenX,624cc MPFI,624 cc,37,105,29,4000,Petrol,4,51
Cadillac,CT5-V Blackwing,6.2L Supercharged V8 Gasoline,6200 cc,668,320,3.4,92000,Petrol,5,893
Chevrolet,Camaro ZL1,6.2L Supercharged V8 Gasoline,6200 cc,650,318,3.5,67300,Petrol,4,881
Chevrolet,Corvette,6.2L V8 Gasoline,6200 cc,495,312,3,65895,Petrol,2,637
Chevrolet,Corvette Stingray,6.2L V8 Gasoline,6200 cc,495,312,3,65895,Petrol,2,637
Chevrolet,Corvette Grand Sport,6.2L V8 Gasoline,6200 cc,460,290,3.9,65900,Petrol,2,630
Chevrolet,Camaro SS,6.2L V8 Gasoline,6200 cc,455,290,4.3,43500,Petrol,4,617
Cadillac,Escalade Platinum,6.2L V8 Gasoline,6200 cc,420,210,6.8,104595,Petrol,7,624
Cadillac,Escalade,6.2L V8 Gasoline,6200 cc,420,210,6.8,79295,Petrol,7,624
Cadillac,Escalade ESV,6.2L V8 Gasoline,6200 cc,420,205,6.9,82295,Petrol,7,624
Cadillac,Escalade V,6.2L Supercharged V8 Gasoline,6200 cc,682,200,4.4,149990,Petrol,7,885
GMC,Yukon XL Denali Ultimate,6.2L V8 Gasoline,6200 cc,420,200,6.7,93800,Petrol,8,624
Chevrolet,Suburban High Country,6.2L V8 Gasoline,6200 cc,420,200,7,82400,Petrol,8,624
Chevrolet,Tahoe High Country,6.2L V8 Gasoline,6200 cc,420,200,6.7,76700,Petrol,7,624
GMC,Yukon Denali,6.2L V8 Gasoline,6200 cc,420,200,6.8,72800,Petrol,8,624
Chevrolet,Tahoe Premier,6.2L V8 Gasoline,6200 cc,420,200,6.8,71600,Petrol,7,624
Chevrolet,Tahoe Sport Edition,6.2L V8 Gasoline,6200 cc,420,200,6.8,70000,Petrol,7,624
GMC,Yukon XL,6.2L V8 Gasoline,6200 cc,420,200,6.9,61100,Petrol,8,624
GMC,Sierra Denali,6.2L V8 Gasoline,6200 cc,420,190,6.7,66800,Petrol,6,624
Tesla,Model 3,Single Electric Motor (RWD),60 kWh,283,225,5.8,40240,Electric,5,420
Rolls Royce,CULLINAN,V12,"6,749 cc",563,250,5.2,325000,Petrol,5,850
Rolls Royce,CULLINAN SUV,V12,"6,749 cc",563,250,5.2,320000,Petrol,5,850
Ford,F-550 Super Duty,Turbocharged V8 Diesel,"6,700 cc",475,165,8.8,64540,Diesel,6,1424
Ford,F-450 Super Duty,Turbocharged V8 Diesel,"6,700 cc",475,165,8.5,61625,Diesel,6,1424
Ford,F-350 Super Duty,6.7L Turbo-Diesel / 7.3L V8,"6,700 - 7,300 cc",450,180,8,45000,Diesel,5,1050
GMC,Sierra HD Denali Reserve,6.6L V8 engine,"6,600 cc",401,170,7.5,85000,Petrol,5,629
GMC,Sierra 2500HD Denali Black Edition,6.6L V8 engine,"6,600 cc",401,170,7.5,75000,Petrol,5,629
GMC,Sierra 3500HD AT4,6.6L V8 engine,"6,600 cc",401,170,7.7,72000,Petrol,5,629
GMC,Sierra 2500HD AT4,6.6L V8 engine,"6,600 cc",401,170,7.5,70000,Petrol,5,629
GMC,Sierra 3500HD Pro,6.6L V8 engine,"6,600 cc",401,170,7.8,62000,Petrol,3,629
GMC,Sierra 2500HD Pro,6.6L V8 engine,"6,600 cc",401,170,7.7,60000,Petrol,3,629
Rolls Royce,DAWN CONVERTIBLE,V12,"6,592 cc",624,250,4.9,380000,Petrol,4,870
Rolls Royce,DAWN,V12,"6,592 cc",624,250,4.9,360000,Petrol,4,870
Rolls Royce,WRAITH,V12,"6,592 cc",624,250,4.4,330000,Petrol,4,870
Rolls Royce,WRAITH COUPE,V12,"6,592 cc",624,250,4.4,330000,Petrol,4,870
Rolls Royce,GHOST EXTENDED,V12,"6,592 cc",591,250,4.8,370000,Petrol,5,850
Rolls Royce,GHOST COUPE,V12,"6,592 cc",591,250,4.8,340000,Petrol,4,850
Rolls Royce ,GHOST,V12,"6,592 cc",591,250,4.8,332000,Petrol,5,850
Rolls Royce,DAWN BLACK BADGE VOLANTE,V12,"6,592 cc",563,250,4.8,398000,Petrol,4,840
Lamborghini,AVENTADOR S,V12,"6,498 cc",740,350,2.9,421000,Petrol,2,690
Ford,F-250 Super Duty,6.2L V8 / 7.3L V8 / 6.7L Turbo-Diesel,"6,200 - 7,300 cc",385,180,7,40000,Diesel,5,700
GMC,Yukon Denali Ultimate Black,6.2L V8 engine,"6,162 cc",420,210,6,90000,Petrol,8,624
GMC,Yukon XL Denali Reserve,6.2L V8 engine,"6,162 cc",420,210,6,82000,Petrol,7,624
GMC,Yukon Denali Performance,6.2L V8 engine,"6,162 cc",420,210,6,76805,Petrol,8,624
GMC,Sierra 1500 AT4X,6.2L V8 engine,"6,162 cc",420,200,5.9,82000,Petrol,5,624
GMC,Sierra 1500 Denali Ultimate,6.2L V8 engine,"6,162 cc",420,200,5.8,80000,Petrol,5,624
GMC,Sierra Denali CarbonPro,6.2L V8 engine,"6,162 cc",420,200,5.8,65000,Petrol,5,624
Volkswagen,ID.3 Pro,Electric,58 kWh,204,160,7.3,35000,Electric,5,310
Volkswagen,ID.3,Electric,58 - 77 kWh,204,160,7.3,35000,Electric,5,310
Jeep,Wagoneer,5.7L V8 Gasoline with eTorque,5700 cc,392,190,7.4,63595,Petrol,8,548
Jeep,Grand Cherokee Summit Reserve,5.7L V8 Gasoline,5700 cc,357,190,7.3,66575,Petrol,5,529
Nissan,Patrol NISMO,5.6L V8,5552 cc,428,210,6.5,105000,Petrol,7,560
Nissan,Patrol Titanium,5.6L V8,5552 cc,428,210,6.5,98000,Petrol,7,560
Nissan,Patrol Desert Edition,5.6L V8,5552 cc,428,210,6.5,95000,Petrol,7,560
Nissan,Patrol Royale,5.6L V8,5552 cc,400,210,6.6,85000,Petrol,7,560
Nissan,Patrol Platinum,5.6L V8,5552 cc,400,210,7.3,77000,Petrol,7,560
Nissan,Patrol,5.6L V8,5552 cc,400,210,7.3,77000,Petrol,7,560
Nissan,Infiniti QX80*,5.6L V8,5552 cc,400,210,6.5,70600,Petrol,7,560
Nissan,Armada Platinum,5.6L V8,5552 cc,400,210,6.5,65300,Petrol,8,560
Nissan,Armada,5.6L V8,5552 cc,400,210,6.5,51000,Petrol,8,560
Nissan,Patrol Warrior,5.6L V8,5552 cc,428,205,6.3,95000,Petrol,7,580
Nissan,Patrol Legend Edition,5.6L V8,5552 cc,428,205,6.3,95000,Petrol,7,580
Nissan,Patrol Black Edition,5.6L V8,5552 cc,400,200,6.5,85000,Petrol,7,560
Nissan,Pathfinder Armada,5.6L V8,5552 cc,400,200,6.5,60000,Petrol,7,560
Nissan,Titan XD,5.6L V8,5552 cc,400,195,6.9,55000,Petrol,6,560
Nissan,Pathfinder Armada Platinum,5.6L V8,5552 cc,400,190,6.8,70000,Petrol,7,560
Nissan,Titan Warrior,5.6L V8,5552 cc,400,180,7,55000,Petrol,5,560
Nissan,NV3500,5.6L V8,5552 cc,375,170,9,42000,Petrol,2,525
Chevrolet,Tahoe,5.3L V8 Gasoline,5300 cc,355,200,7.5,56995,Petrol,7,519
Chevrolet,Suburban,5.3L V8 Gasoline,5300 cc,355,190,7.6,59900,Petrol,8,519
Chevrolet,Tahoe Z71,5.3L V8 Gasoline,5300 cc,355,180,7.6,66700,Petrol,7,519
Chevrolet,Tahoe Midnight Edition,5.3L V8 Gasoline,5300 cc,355,180,7.5,65500,Petrol,8,519
Chevrolet,Suburban LT,5.3L V8 Gasoline,5300 cc,355,180,5.1,64400,Petrol,8,519
Chevrolet,Tahoe RST,5.3L V8 Gasoline,5300 cc,355,180,7.4,64100,Petrol,7,519
Chevrolet,Tahoe RST,5.3L V8 Gasoline,5300 cc,355,180,7.4,64100,Petrol,7,519
Chevrolet,Tahoe LT,5.3L V8 Gasoline,5300 cc,355,180,7.4,62495,Petrol,8,519
Chevrolet,Silverado 1500 High Country,5.3L V8 Gasoline,5300 cc,355,180,7,61595,Petrol,6,519
GMC,Yukon,5.3L V8 Gasoline,5300 cc,355,180,7.4,57400,Petrol,8,519
Chevrolet,Tahoe LS,5.3L V8 Gasoline,5300 cc,355,180,7.5,56995,Petrol,8,519
Chevrolet,Silverado 1500 Trail Boss,5.3L V8 Gasoline,5300 cc,355,180,7,55895,Petrol,6,519
GMC,Sierra 1500 AT4,5.3L V8 Gasoline,5300 cc,355,180,7.4,53800,Petrol,6,519
Chevrolet,Silverado 1500 RST,5.3L V8 Gasoline,5300 cc,355,180,7.1,50895,Petrol,6,519
Chevrolet,Silverado 1500,5.3L V8 Gasoline,5300 cc,355,180,7,42795,Petrol,6,519
GMC,Sierra 1500,5.3L V8 Gasoline,5300 cc,355,180,7.3,37100,Petrol,6,519
Hyundai,IONIQ 6,Electric Motor,53.6 kwh,320,185,5.2,41450,Electric,5,350
Volvo,Volvo FL,5.1L I4 Turbo Diesel,5100 cc,180,80,22,75000,Diesel,2,800
Nissan,Infiniti FX50*,5.0L V8,5026 cc,390,250,5.6,61750,Petrol,5,500
Jaguar Land Rover,Jaguar F-Type SVR,V8 Petrol,5000 cc (V8),575,320,3.7,120000,Petrol,2,700
Jaguar Land Rover,Jaguar F-Type Heritage Edition,V8 Petrol,5000 cc (V8),550,300,3.9,110000,Petrol,2,680
Jaguar Land Rover,Jaguar F-Type V8 R,V8 Petrol,5000 cc (V8),550,300,3.9,100000,Petrol,2,680
Jaguar Land Rover,Jaguar F-Type 75th Anniversary Edition,V8 Petrol,5000 cc (V8),550,300,3.9,100000,Petrol,2,680
Jaguar Land Rover,Jaguar F-Type Coupe R,V8 Petrol,5000 cc (V8),550,300,3.9,100000,Petrol,2,680
Jaguar Land Rover,Jaguar F-Type P450 AWD,V8 Petrol,5000 cc (V8),450,290,4,90000,Petrol,2,600
Jaguar Land Rover,Jaguar F-PACE SVR,V8 Petrol,5000 cc (V8),550,283,4,85000,Petrol,5,700
Jaguar Land Rover,Jaguar XJ Supercharged,V8 Petrol,5000 cc (V8),510,280,4.2,90000,Petrol,5,625
Peugeot,e-2008 GT,Electric Motor,50 kWh,136,200,8.5,40000,Electric,5,260
Peugeot,e-2008,Electric Motor,50 kWh,136,150,8.5,38000,Electric,5,260
Peugeot,e-208,Electric Motor,50 kWh,136,150,8.1,35000,Electric,5,260
Mercedes,BENZ MAYBACH S 680,V12,"5,980 cc",630,250,4.7,200000,Petrol,5,1000
Aston Martin,RAPIDE AMR,V12,"5,935 cc",580,328,4.2,240000,Petrol,4,630
Aston Martin,VANQUISH,V12,"5,935 cc",580,324,3.6,294000,Petrol,2,630
Toyota,TUNDRA,V8,"5,663 cc",381,220,6.7,39900,Petrol,5,650
Toyota,Toyota LAND CRUISER,V8,"5,663 cc",381,220,6.7,85000,Diesel,7,500
Toyota,Toyota SEQUOIA,V8,"5,663 cc",381,200,6.9,50000,Petrol,7,651
Nissan,TITAN,V8,"5,598 cc",400,200,5.9,40000,Petrol,5,560
GMC,Yukon Trailering Edition,5.3L V8 engine,"5,327 cc",355,210,7.5,78000,Petrol,8,519
GMC,Yukon XL Elevation,5.3L V8 engine,"5,327 cc",355,210,7.4,75000,Petrol,8,519
GMC,Yukon XL AT4,5.3L V8 engine,"5,327 cc",355,210,7.3,73305,Petrol,8,519
GMC,Yukon AT4,5.3L V8 engine,"5,327 cc",355,210,7.1,71505,Petrol,8,519
GMC,Yukon XL SLT,5.3L V8 engine,"5,327 cc",355,210,7.3,65000,Petrol,8,519
GMC,Sierra 1500 SLT,5.3L V8 engine,"5,327 cc",355,180,6.8,56000,Petrol,5,519
Aston Martin,DBS SUPERLEGGERA,V12,"5,204 cc",715,340,3.4,316000,Petrol,2,900
Audi,R8 V10 PLUS,V10,"5,204 cc",610,330,3.2,194000,Petrol,2,560
Lamborghini,HURACAN  PERFORMANTE SPYDER,V10,"5,204 cc",640,325,3.1,308000,Petrol,2,600
Lamborghini,HURACAN EVO SPYDER,V10,"5,204 cc",640,325,3.1,287000,Petrol,2,600
Lamborghini,HURACAN PERFORMANTE,V10,"5,204 cc",640,325,2.9,274000,Petrol,2,600
Lamborghini,HURACAN EVO,V10,"5,204 cc",640,325,2.9,261000,Petrol,2,600
Lamborghini,HURACAN SPYDER,V10,"5,204 cc",610,325,3.4,287000,Petrol,2,600
Lamborghini,HURACAN EVO RWD SPYDER,V10,"5,204 cc",610,325,3.3,273000,Petrol,2,600
Lamborghini,HURACAN STO EVO,V10,"5,204 cc",640,325,3,342000,Petrol,2,565
Lamborghini,HURACAN STO,V10,"5,204 cc",640,325,3,327000,Petrol,2,565
Lamborghini,HURACAN EVO RWD,V10,"5,204 cc",610,325,3.3,258000,Petrol,2,560
Aston Martin,DB11,V12,"5,204 cc",600,322,3.9,208000,Petrol,4,700
Audi,Audi R8 Gt,V10,"5,204 cc",602,320,3.6,253290,Petrol,2,560
Ford,Mustang Shelby GT500,Supercharged V8,"5,200 cc",760,290,3.5,79420,Petrol,2,847
Ford,Mustang Shelby GT350,Naturally Aspirated V8,"5,200 cc",526,280,4,59140,Petrol,2,582
Ford,Mustang (2024),V8 Gasoline Engine,"5,000 cc",450,250,4.5,60000,Petrol,4,570
Ford,Mustang,5.0L V8,"5,000 cc",450,250,4.3,55000,Petrol,4,530
Nissan,Patrol Super Safari Y61,4.8L Inline-6,4750 cc,280,190,8.2,58000,Petrol,7,451
Nissan,Patrol Super Safari,4.8L Inline-6,4750 cc,280,190,8.2,55000,Petrol,7,451
Nissan,Infiniti M45*,4.5L V8,4494 cc,325,250,5.8,50000,Petrol,5,451
Nissan,Infiniti Q45,4.5L V8,4494 cc,340,240,6.2,50000,Petrol,5,450
Nissan,President,4.5L V8,4494 cc,280,210,7.5,70000,Petrol,5,400
Chevrolet,Silverado 1500 Custom,4.3L V6 Gasoline,4300 cc,285,180,8.6,34900,Petrol,6,413
Chevrolet,Silverado Custom,4.3L V6 Gasoline,4300 cc,285,180,8.5,33900,Petrol,6,413
Nissan,Patrol Y60,4.2L Inline-6,4169 cc,155,160,12,45000,Diesel,7,330
Nissan,Cima,4.1L V8,4130 cc,270,210,8,60000,Petrol,5,390
Tata Motors,Nexon EV Max,Permanent Magnet Synchronous,40.5 kWh,143,140,9,25000,Electric,5,250
BMW,X5 M COMPETITION,V8,"4,935 cc",523,285,4.1,114000,Petrol,5,750
BMW,M850i DRIVE COUPE,V8,"4,935 cc",523,285,3.7,108000,Petrol,4,750
BMW,M5 CS,V8,"4,395 cc",627,305,3,142000,Petrol,5,750
BMW,M8 GRAN COUPE,V8,"4,395 cc",523,305,3.3,146000,Petrol,5,750
BMW,M550i XDRIVE,V8,"4,395 cc",523,250,3.6,78000,Petrol,5,650
GMC,Sierra 1500 Pro,4.3L V6 engine,"4,300 cc",285,180,7.5,37700,Petrol,3,413
Porsche,911 GT3 Touring,4.0L Naturally Aspirated Flat-6,3996 cc,502,318,3.9,170000,Petrol,2,470
Porsche,911 GT3,4.0L Naturally Aspirated Flat-6,3996 cc,502,318,3.4,161100,Petrol,2,469
Porsche,Panamera Turbo S E-Hybrid Sport Turismo,4.0L Twin-Turbo V8 + Electric Motor,3996 cc,690,315,3.2,200200,Hybrid,4,870
Porsche,Panamera Turbo S,4.0L V8 Twin Turbo,3996 cc,620,315,3.1,180000,Petrol,4,820
Porsche,911 GT4 RS,4.0L Naturally Aspirated Flat-6,3996 cc,500,315,3.4,222000,Petrol,2,450
Porsche,718 Cayman GT4 RS,4.0L Naturally Aspirated Flat-6,3996 cc,493,315,3.2,141700,Petrol,2,450
Porsche,Panamera Turbo S Exclusive Series,4.0L Twin-Turbo V8,3996 cc,570,310,3.8,290000,Petrol,4,800
Porsche,Panamera Turbo Executive,4.0L Twin-Turbo V8,3996 cc,550,306,3.8,175200,Petrol,4,770
Porsche,Cayenne Turbo GT,4.0L Twin-Turbo V8,3996 cc,631,300,3.3,182150,Petrol,4,850
Porsche,Panamera GTS Sport Turismo,4.0L Twin-Turbo V8,3996 cc,473,300,3.9,136900,Petrol,4,620
Porsche,Panamera GTS,4.0L V8 Twin Turbo,3996 cc,473,300,3.9,130000,Petrol,4,620
Porsche,911 GT3 RS Clubsport,4.0L Naturally Aspirated Flat-6,3996 cc,525,296,3.2,223800,Petrol,2,465
Porsche,911 GT3 RS,4.0L Naturally Aspirated Flat-6,3996 cc,518,296,3.2,241300,Petrol,2,465
Porsche,Cayenne Coupe Turbo E-Hybrid,4.0L Twin-Turbo V8 + Electric Motor,3996 cc,728,295,3.6,182900,Hybrid,4,950
Porsche,Cayenne Turbo S E-Hybrid Coupe,4.0L Twin-Turbo V8 + Electric Motor,3996 cc,670,295,3.6,167800,Hybrid,4,900
Porsche,911 GT3 Cup,4.0L Naturally Aspirated Flat-6,3996 cc,510,290,3.4,245000,Petrol,1,470
Porsche,Cayenne Turbo,4.0L V8 Twin Turbo,3996 cc,541,286,4,130000,Petrol,5,770
Porsche,Cayenne GTS Coupe,4.0L Twin-Turbo V8,3996 cc,453,270,4.5,111200,Petrol,4,620
Porsche,Cayenne GTS,4.0L V8 Twin Turbo,3996 cc,453,270,4.5,110000,Petrol,5,620
Volkswagen,Amarok V8,4.0L V8 Turbo Diesel,3996 cc,310,210,7.4,70000,Diesel,5,580
Porsche,718 Cayman GT4,4.0L Naturally Aspirated Flat-6,3995 cc,414,302,4.2,100200,Petrol,2,420
Porsche,718 Spyder,4.0L Naturally Aspirated Flat-6,3995 cc,414,301,4.1,98300,Petrol,2,420
Porsche,718 Boxster GTS,4.0L Naturally Aspirated Flat-6,3995 cc,394,293,4.3,90300,Petrol,2,430
Volkswagen,Touareg V8,4.0L V8 Turbo Diesel,3956 cc,421,250,4.9,70000,Petrol,5,770
Nissan,Xterra,4.0L V6,3954 cc,261,200,7.8,35000,Petrol,7,381
Nissan,NV2500,4.0L V6,3954 cc,261,160,10,36000,Petrol,2,385
Nissan,NV1500,4.0L V6,3954 cc,261,160,9.5,33000,Petrol,12,385
Hyundai,KONA Electric,Electric Motor,39.2 kwh,200,200,6.1,40000,Electric,5,395
Nissan,GT-R NISMO,3.8L Twin-Turbo V6,3799 cc,600,330,2.9,220000,Petrol,2,652
Nissan,GT-R Black Edition,3.8L Twin-Turbo V6,3799 cc,600,330,2.8,185000,Petrol,2,652
Nissan,GT-R V-Spec,3.8L Twin-Turbo V6,3799 cc,600,330,2.8,175000,Petrol,2,652
Nissan,GT-R Egoist,3.8L Twin-Turbo V6,3799 cc,565,315,2.8,220000,Petrol,2,637
Kia,Telluride Limited Edition,3.8L V6,3778 cc,291,240,7,53000,Petrol,7,355
Kia,Telluride SX Prestige,3.8L V6,3778 cc,291,240,7,52000,Petrol,7,355
Kia,Telluride Nightfall Edition,3.8L V6,3778 cc,291,240,7,51000,Petrol,7,355
Kia,Telluride SX,3.8L V6,3778 cc,291,240,7,50000,Petrol,7,355
Kia,Telluride EX,3.8L V6,3778 cc,291,240,7,44000,Petrol,7,355
Kia,Telluride LX,3.8L V6,3778 cc,291,240,7,41500,Petrol,7,355
Porsche,911 GT2 RS,3.8L Twin-Turbo Flat-6,3745 cc,700,340,2.8,293200,Petrol,2,750
Porsche,911 Turbo S,3.8L Twin-Turbo Flat-6,3745 cc,640,330,2.6,230400,Petrol,4,800
Porsche,911 Turbo S Coupe,3.8L Twin-Turbo Flat-6,3745 cc,640,330,2.7,207000,Petrol,4,800
Porsche,911 Turbo Exclusive Series,3.8L Twin-Turbo Flat-6,3745 cc,607,330,2.9,258000,Petrol,4,750
Porsche,911 Turbo,3.8L Twin-Turbo Flat-6,3745 cc,572,320,2.7,197200,Petrol,4,750
Porsche,911 Turbo Cabriolet,3.8L Twin-Turbo Flat-6,3745 cc,572,320,2.9,184100,Petrol,4,750
Porsche,911 Turbo Cabriolet Lightweight,3.8L Twin-Turbo Flat-6,3745 cc,572,318,3,191300,Petrol,4,750
Nissan,370Z NISMO,3.7L V6,3696 cc,350,250,5.2,45790,Petrol,2,374
Nissan,370Z Roadster,3.7L V6,3696 cc,332,250,5.5,41820,Petrol,2,366
Nissan,Infiniti G37*,3.7L V6,3696 cc,328,250,5.5,42000,Petrol,5,365
Cadillac,CT4-V Blackwing,3.6L Twin-Turbo V6 Gasoline,3600 cc,472,290,3.9,60495,Petrol,5,603
Chevrolet,Blazer RS,3.6L V6 Gasoline,3600 cc,308,220,6.6,48900,Petrol,5,366
Chevrolet,Blazer Premier,3.6L V6 Gasoline,3600 cc,308,220,6.6,45000,Petrol,5,366
Chevrolet,Blazer,3.6L V6 Gasoline,3600 cc,308,220,6.6,44000,Petrol,5,366
Cadillac,XT6 Sport,3.6L V6 Gasoline,3600 cc,310,210,6.9,57095,Petrol,7,366
Cadillac,XT5 Sport,3.6L V6 Gasoline,3600 cc,310,210,6.5,51095,Petrol,5,366
Cadillac,XT6,3.6L V6 Gasoline,3600 cc,310,210,6.9,48595,Petrol,7,366
Cadillac,XT5,3.6L V6 Gasoline,3600 cc,310,210,6.5,44195,Petrol,5,366
GMC,Acadia AT4,3.6L V6 Gasoline,3600 cc,310,210,7.6,41400,Petrol,6,366
Chevrolet,Traverse Premier,3.6L V6 Gasoline,3600 cc,310,210,7,46600,Petrol,7,360
Chevrolet,Traverse RS,3.6L V6 Gasoline,3600 cc,310,210,7,43700,Petrol,7,360
Chevrolet,Traverse LT,3.6L V6 Gasoline,3600 cc,310,210,7.1,37200,Petrol,7,360
Chevrolet,Traverse,3.6L V6 Gasoline,3600 cc,310,210,7,35915,Petrol,7,360
Jeep,Grand Cherokee L,3.6L V6 Pentastar Gasoline,3600 cc,293,209,7.2,43530,Petrol,7,352
Jeep,Grand Cherokee,3.6L V6 Pentastar Gasoline,3600 cc,293,209,7,41530,Petrol,5,352
Jeep,Wrangler,3.6L V6 Pentastar Gasoline,3600 cc,285,180,6.8,35195,Petrol,4,353
Jeep,Gladiator Mojave Edition,3.6L V6 Pentastar Gasoline,3600 cc,285,177,8.6,51570,Petrol,5,353
Jeep,Gladiator,3.6L V6 Pentastar Gasoline,3600 cc,285,177,8.1,38775,Petrol,5,353
Mazda,Carol P360,0.36L Inline-2,360 cc,26,85,35,8000,Petrol,4,45
Kia,Carnival SX Prestige,3.5L V6,3500 cc,290,220,8,47000,Petrol,8,355
Kia,Carnival Special Edition,3.5L V6,3500 cc,290,220,8,45500,Petrol,8,355
Kia,Carnival MPV EX,3.5L V6,3500 cc,290,220,8,43500,Petrol,8,355
Kia,Carnival EX,3.5L V6,3500 cc,290,220,8,42500,Petrol,8,355
Kia,Carnival LXS,3.5L V6,3500 cc,290,220,8,39500,Petrol,8,355
Volkswagen,Golf Electric,Electric,35.8 kWh,136,140,10.4,33000,Electric,5,290
Mazda,MX-30 Electric,Electric Motor,35.5 kWh battery,143,140,9.7,33000,Electric,5,271
Nissan,Maxima Platinum,3.5L V6,3498 cc,300,220,6.2,45000,Petrol,5,353
Nissan,Murano,3.5L V6,3498 cc,260,210,7.5,39000,Petrol,5,325
Nissan,Elgrand,3.5L V6,3498 cc,280,200,8.5,50000,Petrol,7,344
Nissan,Pathfinder Rock Creek Edition,3.5L V6,3498 cc,284,195,7.2,44000,Petrol,7,351
Nissan,Murano CrossCabriolet,3.5L V6,3498 cc,260,195,7.6,47000,Petrol,4,325
Nissan,Pathfinder Rock Creek,3.5L V6,3498 cc,284,190,7.4,42820,Petrol,7,351
Kia,Stinger GT,3.3L Turbocharged V6,3300 cc,365,270,4.7,51500,Petrol,5,510
Nissan,Terrano Regulus,3.3L V6,3275 cc,170,175,10,28000,Petrol,5,290
Jeep,Jeep Cherokee X Edition,3.2L V6 Pentastar Gasoline,3200 cc,271,195,7.6,41295,Petrol,5,324
Volkswagen,Up!,Electric,32.3 kWh,82,160,13,15000,Petrol,4,95
Volkswagen,Up! e-up!,Electric,32.3 kWh,83,130,11.9,23000,Electric,4,210
Volkswagen,Golf R32,3.2L VR6,3189 cc,240,250,6.2,40000,Petrol,5,320
Cadillac,CT5-V,3.0L Twin-Turbo V6 Gasoline,3000 cc,360,250,4.6,50995,Petrol,5,550
Tata Motors,Nexon EV Prime,Permanent Magnet Synchronous,30.2 kWh,129,120,9.4,22000,Electric,5,245
Lamborghini,URUS GRAPHITE CAPSULE,V8,"3,998 cc",641,305,3.3,253000,Petrol,5,850
BENTLEY,Continental GT Azure,V8,"3,996 cc",550,318,4,311000,Petrol,4,900
Aston Martin,VANTAGE ,V8,"3,996 cc",503,313,3.6,142000,Petrol,2,685
Lamborghini,URUS S,V8,"3,996 cc",671,305,3.3,263000,Petrol,5,850
Lamborghini,URUS PERFORMANTE,V8,"3,996 cc",641,305,3.3,242000,Petrol,5,850
Lamborghini,URUS ,V8,"3,996 cc",641,305,3.6,211000,Petrol,5,850
Aston Martin,DBX,V8,"3,996 cc",542,291,4.5,189000,Petrol,5,700
Audi,RS7 SPORTBACK,V8,"3,993 cc",591,305,3.6,114000,Petrol,5,800
Audi,RS6 AVANT,V8,"3,993 cc",591,305,3.6,109000,Petrol,5,800
Audi,S8,V8,"3,993 cc",563,305,4.3,101000,Petrol,5,800
Audi,S7 SPORTBACK,V8,"3,993 cc",563,305,4.3,96000,Petrol,5,650
Aston Martin,VANTAGE F1,V8,"3,982 cc",656,314,3.6,193440,Petrol,2,685
Mercedes, GT 63 S,V8,"3,982 cc",630,250,3.2,161000,Petrol,4,900
Mercedes,BENZ GLE 63 S,V8,"3,982 cc",603,250,4.2,113000,Petrol,5,850
Mercedes,BENZ E-CLASS E 63 S,V8,"3,982 cc",603,250,3.4,104000,Petrol,5,850
Mercedes,BENZ S-CLASS S 580,V8,"3,982 cc",496,250,4.4,116000,Petrol,5,700
Toyota,LAND CRUISER PRADO,V6,"3,956 cc",282,200,7.2,49400,Diesel,7,450
Toyota,4RUNNER ,V6,"3,956 cc",270,200,7.5,37400,Petrol,5,400
Ferrari,F8 TRIBUTO,V8,"3,900 cc",710,340,2.9,280000,Petrol,2,770
Ferrari,F8 SPIDER,V8,"3,900 cc",710,340,2.9,280000,Petrol,2,770
Ferrari,ROMA SPIDER,V8,"3,900 cc",612,320,3.4,240000,Petrol,4,760
Ferrari,ROMA,V8,"3,900 cc",612,320,3.4,230000,Petrol,4,760
Ferrari,PORTOFINO M,V8,"3,900 cc",612,320,3.2,220000,Petrol,4,760
Ferrari,PORTOFINO,V8,"3,900 cc",592,320,3.2,210000,Petrol,4,760
Hyundai,Genesis,3.8L V6,"3,800 cc",291,240,6.3,52000,Petrol,5,400
Hyundai,Palisade,3.8L V6,"3,800 cc",291,240,6.3,52000,Petrol,7,355
Mitsubishi,Endeavor,3.8L V6,"3,800 cc",225,190,9.5,28000,Petrol,5,343
Nissan,GT-R,V6,"3,799 cc",600,315,2.9,113000,Petrol,4,637
Nissan,FRONTIER,V6,"3,799 cc",310,180,6.8,30000,Petrol,5,381
Nissan,370Z,V6,"3,696 cc",332,250,4.7,30000,Petrol,2,366
GMC,Acadia Denali Ultimate,3.6L V6 engine,"3,564 cc",310,210,6.5,60000,Petrol,7,366
GMC,Acadia Denali,3.6L V6 engine,"3,564 cc",310,210,6.5,54300,Petrol,7,366
GMC,Acadia Black Edition,3.6L V6 engine,"3,564 cc",310,210,6.5,45000,Petrol,7,366
GMC,Acadia SLE,3.6L V6 engine,"3,564 cc",310,210,6.6,40000,Petrol,7,366
GMC,Canyon AT4X Edition 1,3.6L V6 engine,"3,564 cc",308,180,6.8,55000,Petrol,5,373
GMC,Canyon AT4X,3.6L V6 engine,"3,564 cc",308,180,6.9,50000,Petrol,5,373
GMC,Canyon Denali Black Edition,3.6L V6 engine,"3,564 cc",308,180,6.9,44000,Petrol,5,373
Acura,TLX PMC Edition,V6,"3,500 cc (V6)",290,250,5.7,62000,Petrol,5,362
Acura,TLX A-Spec,V6,"3,500 cc (V6)",290,250,5.7,50000,Petrol,5,362
Acura,TLX A-Spec Sedan,V6,"3,500 cc (V6)",290,250,5.7,50000,Petrol,5,362
Acura,MDX Advance,V6,"3,500 cc (V6)",290,190,6,60000,Petrol,7,362
Acura,MDX SH-AWD,V6,"3,500 cc (V6)",290,190,6,55000,Petrol,7,362
Acura,TLX 3.5L V6,V6,"3,500 cc",290,250,5.7,50000,Petrol,5,362
Acura,TLX V6 Advance,V6,"3,500 cc",290,250,5.7,46000,Petrol,5,362
Toyota,CAMRY,V6,"3,500 cc",301,220,6,27000,Petrol,5,250
Ford,Expedition King Ranch,Turbocharged V6,"3,500 cc",440,210,6.8,79560,Petrol,8,691
Ford,F-150 Raptor,3.5L Twin-Turbo V6,"3,500 cc",450,200,5,70000,Petrol,5,691
Ford,Flex,Naturally Aspirated V6,"3,500 cc",287,200,7.9,31000,Petrol,7,345
Ford,F-150 Limited,Turbocharged V6,"3,500 cc",450,190,6.1,84910,Petrol,5,678
Acura,MDX Elite,V6,"3,500 cc",290,190,6,58000,Petrol,7,362
Acura,MDX SH-AWD w/Technology Package,V6,"3,500 cc",290,190,6,55000,Petrol,7,362
Acura,MDX Hybrid,V6 Hybrid,"3,500 cc",321,190,6,55000,Hybrid,7,335
Acura,MDX Sport Hybrid,V6 Hybrid,"3,500 cc",321,190,6,52000,Hybrid,7,335
Ford,F-150 Platinum,Turbocharged V6,"3,500 cc",400,180,6.5,64695,Petrol,5,678
Ford,Expedition,3.5L EcoBoost / 5.4L V8,"3,500 - 5,400 cc",375,180,6.5,50000,Petrol,8,650
Nissan,MAXIMA,V6,"3,498 cc",300,240,5.8,35000,Petrol,5,354
Nissan,PATHFINDER,V6,"3,498 cc",284,225,6.5,35000,Petrol,7,351
Acura,NSX Type S,Twin-Turbo V6 Hybrid,"3,493 cc (V6)",600,307,2.9,157000,Hybrid,2,666
Acura,NSX 3.5L Hybrid Coupe,Twin-Turbo V6 Hybrid,"3,493 cc",537,307,2.9,157000,Hybrid,2,666
Acura,NSX Carbon Edition,Twin-Turbo V6 Hybrid,"3,493 cc",537,307,2.9,157000,Hybrid,2,666
Acura,NSX GT3 (Track Version),Twin-Turbo V6 Hybrid,"3,493 cc",500,300,3,150000,Hybrid,2,600
Honda,PILOT,V6,"3,471 cc",285,209,6.3,40000,Petrol,8,360
Toyota,TUNDRA HYBRID,V6,"3,456 cc",344,220,6.2,43400,Hybrid,5,650
Toyota,AVALON,V6,"3,456 cc",301,220,6.9,41400,Petrol,5,400
Toyota,HIGHLANDER,V6,"3,456 cc",295,220,7.2,38400,Petrol,7,370
Toyota,HIGHLANDER HYBRID,V6,"3,456 cc",240,220,8.2,40400,Hybrid,7,350
Toyota,CENTURY SUV,"3.5L,V6,PLUG IN HYBRID","3,456 cc",406,200,6,170000,Petrol,5,500
Toyota,ALPHARD EXECUTIVE LOUNGE,3.5L V6,"3,456 cc",296,180,8.5,60000,Petrol,7,400
Toyota,TUNDRA I-FORCE MAX,"3.5L,V6,HYBRID TWIN-TURBO","3,445 cc",437,180,6.2,56000,Hybrid,5,750
Toyota,LAND CRUISER 300,"3.3L,V6,TWIN TURBO DIESEL","3,346 cc",305,210,6.8,58500,Petrol,7,650
Mazda,CX-90,3.3L Inline-6 Turbo,"3,300 cc",340,240,6.2,50000,Petrol,7,500
Hyundai,Equus,3.3L V6,"3,300 cc",278,240,6.5,55000,Petrol,5,400
Hyundai,Azera,3.3L V6,"3,300 cc",278,240,6.5,55000,Petrol,5,250
Ford,Explorer Hybrid,3.3L V6 + Electric,"3,300 cc",318,180,7.5,50000,Hybrid,7,500
Ford,F-150,3.3L V6 / 5.0L V8 / 3.5L EcoBoost,"3,300 - 5,000 cc",290,200,6.5,35000,Diesel,5,400
Mazda,BT-50,3.2L Turbo Diesel,"3,200 cc",200,180,10,27000,Diesel,5,470
Mitsubishi,Pajero Final Edition,3.2L Diesel Turbo,"3,200 cc",189,180,10.5,45000,Diesel,7,441
Mitsubishi,Pajero GLS,3.2L Diesel Turbo,"3,200 cc",189,180,10.5,45000,Diesel,7,441
Mitsubishi,Pajero SWB (Short Wheel Base),3.2L Diesel Turbo,"3,200 cc",189,180,10.5,45000,Diesel,5,441
Mitsubishi,Pajero,3.2L Diesel Turbo,"3,200 cc",189,180,10.5,40000,Diesel,7,441
Ford,Explorer Plug-in Hybrid,V6 Hybrid + Electric Motor,"3,000 cc (petrol) + Electric Motor",457,225,6,53000,Hybrid,7,825
Acura,TLX Type S PMC Edition,Turbocharged V6,"3,000 cc",355,250,5.1,54000,Petrol,5,480
Ford,Explorer Platinum,Turbocharged V6,"3,000 cc",400,230,6,56505,Petrol,7,563
Ford,Explorer (2024),V6 Turbocharged,"3,000 cc",400,230,5.9,55000,Petrol,7,563
Ford,Bronco Raptor,3.0L Twin-Turbo V6,"3,000 cc",400,220,5.5,70000,Petrol,4,583
Mitsubishi,Sigma,3.0L V6,"3,000 cc",210,220,8.5,35000,Petrol,5,270
Mazda,929,3.0L V6,"3,000 cc",205,220,8,25000,Petrol,5,270
Mazda,Xedos 9,3.0L V6,"3,000 cc",200,220,7.5,30000,Petrol,5,260
Mazda,CX-80,3.0L Inline-6,"3,000 cc",250,210,7.5,45000,Petrol,7,400
Mazda,Sentia,3.0L V6,"3,000 cc",200,200,9,22000,Petrol,5,265
Mazda,Tribute,3.0L V6,"3,000 cc",200,190,9,24000,Petrol,5,270
Mazda,MPV,3.0L V6,"3,000 cc",200,185,9.5,25000,Petrol,7,265
Mitsubishi,Fuso Canter Eco Hybrid,3.0L Diesel Hybrid,"3,000 cc",150,120,18,50000,Hybrid,2,370
Mitsubishi,Canter (Truck),3.0L Diesel,"3,000 cc",150,120,17,35000,Diesel,2,370
Mazda,Titan (Truck),3.0L Inline-4,"3,000 cc",130,120,15,25000,Diesel,2,300
Nissan,Atlas,3.0L Inline-4 Diesel,2999 cc,130,130,18,35000,Diesel,3,300
Nissan,Skyline NISMO,3.0L Twin-Turbo V6,2997 cc,420,270,4.7,55000,Petrol,5,475
Nissan,Skyline 50th Anniversary,3.0L Twin-Turbo V6,2997 cc,400,250,4.5,75000,Petrol,5,475
Nissan,Skyline 400R,3.0L Twin-Turbo V6,2997 cc,400,250,4.5,70000,Petrol,5,475
Nissan,Skyline,3.0L V6 Twin-Turbo,2997 cc,400,250,5,50000,Petrol,5,475
Nissan,Fairlady Z Heritage,3.0L Twin-Turbo V6,2997 cc,400,250,4.2,48000,Petrol,2,475
Nissan,Z (Fairlady Z),3.0L Twin-Turbo V6,2997 cc,400,250,4.5,40000,Petrol,2,475
Nissan,Infiniti Q60*,3.0L V6 Twin-Turbo,2997 cc,300,250,5,41750,Petrol,4,400
Jaguar Land Rover,Jaguar F-Type V6 S Convertible,V6 Petrol,2995 cc (V6),380,280,4.8,80000,Petrol,2,460
Jaguar Land Rover,Jaguar F-Type,V6 / V8 Petrol,2995 cc (V6),335,260,5.1,70000,Petrol,2,450
Jaguar Land Rover,Jaguar XJ LWB (Long Wheelbase),V6 Petrol,2995 cc (V6),300,250,6,90000,Petrol,5,400
Jaguar Land Rover,Jaguar XJ,V6 Petrol,2995 cc (V6),300,250,6,85000,Petrol,5,400
Jaguar Land Rover,Jaguar XJ50,V6 Petrol,2995 cc (V6),300,250,6,80000,Petrol,5,400
Porsche,Cayenne E-Hybrid,3.0L V6 + Electric Motor,2995 cc,455,253,4.8,91000,Hybrid,5,700
Volkswagen,Touareg R,Plug-in Hybrid V6,2995 cc,462,250,5.1,70000,Hybrid,5,700
Porsche,Cayenne Coupe,3.0L V6 Turbo,2995 cc,335,245,6,85000,Petrol,5,450
Porsche,Cayenne,3.0L V6 Turbo,2995 cc,335,245,5.9,80000,Petrol,5,450
Porsche,Cayenne Platinum Edition,3.0L Turbocharged V6,2995 cc,335,245,5.8,79000,Petrol,5,450
Porsche,Cayenne Base,3.0L Turbocharged V6,2995 cc,335,245,5.9,72200,Petrol,5,450
Porsche,Cayenne S Hybrid,3.0L V6 + Electric Motor,2995 cc,380,242,6.5,85500,Hybrid,5,580
Porsche,911 Carrera GTS Lightweight,3.0L Twin-Turbo Flat-6,2981 cc,473,311,3.2,145300,Petrol,4,570
Porsche,911 Carrera 4 GTS,3.0L Twin-Turbo Flat-6,2981 cc,473,311,3.3,137000,Petrol,4,570
Porsche,911 Carrera S,3.0L Twin-Turbo Flat-6,2981 cc,443,308,3.5,131300,Petrol,4,528
Porsche,911 Targa 4 GTS,3.0L Twin-Turbo Flat-6,2981 cc,473,307,3.5,157300,Petrol,4,570
Porsche,911 Carrera 4S,3.0L Twin-Turbo Flat-6,2981 cc,443,306,3.4,113300,Petrol,4,528
Porsche,911 Carrera S Cabriolet,3.0L Twin-Turbo Flat-6,2981 cc,443,304,3.9,129900,Petrol,4,530
Porsche,911 Sport Turismo,3.0L Twin-Turbo Flat-6,2981 cc,379,293,4.4,116000,Petrol,4,450
Porsche,911 Carrera 4,3.0L Twin-Turbo Flat-6,2981 cc,379,293,4.4,113300,Petrol,4,450
Porsche,911 Carrera,3.0L Flat-6 Twin Turbo,2981 cc,379,293,4.2,110000,Petrol,4,450
Porsche,911 Carrera 4,3.0L Twin-Turbo Flat-6,2981 cc,379,293,4.2,106500,Petrol,4,450
Porsche,911 Carrera Base,3.0L Twin-Turbo Flat-6,2981 cc,379,293,4.2,106100,Petrol,4,450
Porsche,911 Targa 4 Lightweight,3.0L Twin-Turbo Flat-6,2981 cc,379,289,4.3,135500,Petrol,4,450
Porsche,911 Targa 4,3.0L Twin-Turbo Flat-6,2981 cc,379,289,4.4,121300,Petrol,4,450
Porsche,911 Dakar Sport,3.0L Twin-Turbo Flat-6,2981 cc,473,240,3.5,233000,Petrol,4,570
Porsche,911 Dakar,3.0L Twin-Turbo Flat-6,2981 cc,473,240,3.4,222000,Petrol,2,570
Porsche,911 Dakar Limited Edition,3.0L Twin-Turbo Flat-6,2981 cc,473,240,3.4,222000,Petrol,4,570
Volkswagen,Phaeton,3.0L V6 Diesel / 6.0L W12 Gas,2967 cc / 5998 cc,240,250,6.1,85000,Petrol,5,560
Volkswagen,Touareg,3.0L V6 Turbo Diesel / 4.0L V8,2967 cc / 3956 cc,231,235,5.9,55000,Petrol,5,500
Volkswagen,Touareg V6,3.0L V6 Turbo Diesel / Gasoline,2967 cc,231,235,7.5,60000,Petrol,5,450
Porsche,Cayenne Diesel (Regional Markets),3.0L Turbo Diesel V6,2967 cc,262,221,7.3,69000,Diesel,5,580
Volkswagen,Amarok V6,3.0L V6 Turbo Diesel,2967 cc,204,191,7.9,45000,Diesel,5,580
Volkswagen,Amarok,3.0L V6 Turbo Diesel,2967 cc,163,180,7.9,40000,Diesel,5,550
Nissan,300ZX Turbo,3.0L Twin-Turbo V6,2960 cc,300,250,5.9,55000,Petrol,4,384
Nissan,300ZX,3.0L Twin-Turbo V6,2960 cc,300,250,5.9,50000,Petrol,4,384
Nissan,Cedric Special Edition,3.0L V6,2960 cc,250,225,8.5,60000,Petrol,5,330
Nissan,Gloria Gran Turismo,3.0L V6 Turbo,2960 cc,255,220,6.5,50000,Petrol,5,340
Nissan,Leopard J. Ferie,3.0L V6 Turbo,2960 cc,255,215,6.5,45000,Petrol,5,340
Nissan,Leopard,3.0L V6,2960 cc,210,200,8.4,32000,Petrol,5,265
Tata Motors,Sumo Gold,3.0L CR4 Diesel,2956 cc,85,125,17.6,15000,Diesel,7,250
Nissan,NT400 Cabstar,3.0L Inline-4 Diesel,2953 cc,150,140,15,35000,Diesel,3,350
Porsche,Panamera 4S E-Hybrid Executive,2.9L Twin-Turbo V6 + Electric Motor,2894 cc,560,295,3.7,128900,Hybrid,4,750
Porsche,Panamera 4S ,2.9L Twin-Turbo V6,2894 cc,443,289,4.1,105000,Petrol,4,550
Porsche,Panamera 4S,2.9L V6 Twin Turbo,2894 cc,440,289,4.4,105000,Petrol,4,550
Porsche,Panamera 4 E-Hybrid,2.9L Twin-Turbo V6 + Electric Motor,2894 cc,462,280,4.4,113300,Hybrid,4,700
Porsche,Macan GTS,2.9L V6 Twin Turbo,2894 cc,434,272,4.5,85000,Petrol,5,550
Porsche,Macan GTS,2.9L Twin-Turbo V6,2894 cc,434,272,4.3,82900,Petrol,5,550
Porsche,Panamera Platinum Edition,2.9L V6 Twin Turbo,2894 cc,330,270,5.4,102000,Petrol,4,450
Porsche,Panamera 4 Executive,2.9L V6 Twin Turbo,2894 cc,330,270,5.6,95000,Petrol,4,450
Porsche,Panamera 4,2.9L V6 Twin Turbo,2894 cc,330,270,5.4,92000,Petrol,4,450
Porsche,Panamera,2.9L V6 Twin Turbo,2894 cc,330,270,5.6,88000,Petrol,4,450
Porsche,Cayenne S,2.9L V6 Twin Turbo,2894 cc,434,265,5,95000,Petrol,5,550
Porsche,Panamera 4 Sport Turismo,2.9L Twin-Turbo V6,2894 cc,325,265,5.5,101400,Petrol,4,450
Porsche,Panamera Platinum Edition,2.9L Twin-Turbo V6,2894 cc,325,265,5.6,98300,Petrol,4,450
Porsche,Panamera Base,2.9L Twin-Turbo V6,2894 cc,325,265,5.6,92300,Petrol,4,450
Porsche,Cayenne S Coupe,2.9L Twin-Turbo V6,2894 cc,434,263,4.7,94300,Petrol,4,550
Porsche,Macan S,2.9L V6 Twin Turbo,2894 cc,375,259,4.8,75000,Petrol,5,520
Porsche,Macan S,2.9L Twin-Turbo V6,2894 cc,375,259,4.6,70400,Petrol,5,520
Volkswagen,Corrado,2.9L VR6,2861 cc,190,235,6.4,25000,Petrol,4,245
Nissan,Laurel,2.8L Inline-6 Diesel,2825 cc,94,160,12.5,22000,Diesel,5,184
Chevrolet,Colorado ZR2,2.8L Turbo Diesel I4,2800 cc,181,160,9.1,48295,Diesel,5,500
Nissan,280ZX,2.8L Inline-6,2753 cc,145,205,9.5,35000,Petrol,2,210
Cadillac,CT4-V,2.7L Turbo Inline-4 Gasoline,2700 cc,325,260,4.9,46595,Petrol,5,500
GMC,Canyon Denali,2.7L Turbo 4-cylinder,2700 cc,310,190,7.5,48000,Petrol,5,583
GMC,Sierra Elevation,2.7L Turbo 4-cylinder,2700 cc,310,190,7.6,45000,Petrol,5,583
GMC,Canyon AT4,2.7L Turbo 4-cylinder,2700 cc,310,190,7.5,43900,Petrol,5,583
GMC,Canyon,2.7L Turbo 4-cylinder,2700 cc,310,190,7.6,36900,Petrol,5,583
Chevrolet,Colorado,2.7L Turbo Inline-4 Gasoline,2700 cc,310,190,6.8,30695,Petrol,5,583
Chevrolet,Colorado WT,2.7L Turbo Inline-4 Gasoline,2700 cc,310,190,6.9,29200,Petrol,5,583
Nissan,Terrano II,2.7L Inline-4 Diesel,2664 cc,125,160,12.9,28000,Diesel,5,278
Nissan,Mistral,2.7L Turbo Diesel,2663 cc,125,160,12.5,25000,Diesel,7,260
Tata Motors,Tigor EV,Permanent Magnet Synchronous,26 kWh,74,120,5.7,14500,Electric,5,114
Nissan,Skyline GT-R R34,2.6L Twin-Turbo Inline-6,2568 cc,276,250,5.6,70000,Petrol,4,392
Kia,Stinger Scorpion Edition,2.5L Turbocharged 4-Cylinder,2500 cc,300,270,5,55000,Petrol,5,422
Kia,Stinger GT-Line,2.5L Turbocharged 4-Cylinder,2500 cc,300,270,5,50000,Petrol,5,422
Kia,Sorento X-Line,2.5L Turbocharged 4-Cylinder,2500 cc,277,220,7,42000,Petrol,7,421
Kia,Sorento LX,2.5L 4-Cylinder,2500 cc,191,210,8.5,35500,Petrol,7,246
Chevrolet,Blazer LT,2.5L Inline-4 Gasoline,2500 cc,193,200,9,36100,Petrol,5,255
Nissan,Gloria,2.5L V6,2498 cc,210,210,8.6,30000,Petrol,5,250
Nissan,X-Terra Pro-4X,2.5L Inline-4,2498 cc,190,175,10.8,40000,Petrol,7,240
Nissan,Hardbody SUV,2.5L Inline-4,2498 cc,158,175,11,18500,Petrol,5,225
Nissan,Caravan Coach,2.5L Inline-4 Diesel,2498 cc,127,140,14,30000,Diesel,7,260
Porsche,718 Cayman S,2.5L Turbocharged Flat-4,2497 cc,350,285,4.4,75400,Petrol,2,420
Nissan,Pathfinder Hybrid,2.5L Inline-4 Hybrid,2488 cc,250,190,7.7,42500,Hybrid,7,329
Nissan,NV350 Caravan,2.5L Inline-4 Diesel,2488 cc,129,155,12.5,28000,Diesel,8,356
Nissan,Cabstar,2.5L Inline-4 Diesel,2488 cc,130,145,14.8,27000,Diesel,3,350
Nissan,Paladin,2.4L Inline-4,2438 cc,150,180,10.6,20000,Petrol,5,217
Jeep,Cherokee,2.4L I4 Tigershark Gasoline,2400 cc,180,195,8.5,37695,Petrol,5,230
Tata Motors,Tiago EV,Permanent Magnet Synchronous,24 kWh,74,120,5.7,11000,Electric,5,114
Tata Motors,Tiago EV,Permanent Magnet Synchronous,24 kWh,74,120,5.7,11000,Electric,5,114
Nissan,Datsun 240Z (Classic),2.4L Inline-6,2393 cc,151,210,8,45000,Petrol,2,198
Nissan,Datsun 240Z,2.4L Inline-6,2393 cc,151,210,8,45000,Petrol,2,198
Nissan,Hardbody Truck,2.4L Inline-4,2389 cc,134,160,10.6,25000,Petrol,5,206
Nissan,Stanza Wagon,2.4L Inline-4,2389 cc,138,160,12,22000,Petrol,7,205
Nissan,Navara,2.3L Inline-4 Diesel,2298 cc,190,180,10.2,32000,Diesel,5,450
Nissan,NV400,2.3L Inline-4 Diesel,2298 cc,135,150,15,40000,Diesel,3,360
Peugeot,Partner Electric,Electric Motor,22.5 kWh,136,130,9,40000,Electric,5,260
Tata Motors,Hexa,2.2L Varicor Diesel,2179 cc,154,180,12,20000,Diesel,7,400
Tata Motors,Aria,2.2L Dicor Diesel,2179 cc,138,162,13,19000,Diesel,7,320
Tata Motors,Sumo Grande,2.2L Dicor Diesel,2179 cc,118,140,15,16500,Diesel,7,250
GMC,Hummer EV Pickup,Dual-Motor Electric,212 kWh,625,170,3,108700,Electric,5,1000
GMC,Hummer EV SUV,Dual-Motor Electric,212 kWh,625,170,3.5,105600,Electric,5,1000
Cadillac,CT4,2.0L Turbo Inline-4 Gasoline,2000 cc,237,250,6,34395,Petrol,5,350
Chevrolet,Camaro,2.0L Turbo Inline-4 Gasoline,2000 cc,275,240,5.4,26400,Petrol,4,400
Chevrolet,Malibu Premier,2.0L Turbo Inline-4 Gasoline,2000 cc,250,240,5.8,34500,Petrol,5,353
Chevrolet,Malibu Premier,2.0L Turbo Inline-4 Gasoline,2000 cc,250,240,5.8,33500,Petrol,5,353
Cadillac,CT5 Premium Luxury,2.0L Turbo Inline-4 Gasoline,2000 cc,237,240,6.8,41290,Petrol,5,350
Cadillac,CT5,2.0L Turbo Inline-4 Gasoline,2000 cc,237,240,6.6,38195,Petrol,5,350
Cadillac,XT4 Sport,2.0L Turbo Inline-4 Gasoline,2000 cc,235,220,7.4,41390,Petrol,5,350
Cadillac,XT4,2.0L Turbo Inline-4 Gasoline,2000 cc,235,220,7.6,37490,Petrol,5,350
GMC,Acadia,2.0L Turbo 4-cylinder,2000 cc,228,200,7.8,36800,Petrol,7,350
Jeep,Compass,2.0L Turbo Gasoline,2000 cc,200,200,7.8,31590,Petrol,5,320
Jeep,Wrangler Rubicon,2.0L Turbo I4 Gasoline,2000 cc,270,180,7.1,42100,Petrol,4,400
Tesla,Cybertruck,Tri Electric Motors,200 kWh,800,209,2.9,69900,Electric,6,1355
GMC,Sierra EV Denali,Electric motors with advanced AWD,200 kWh,754,170,4.5,108700,Electric,5,1064
Nissan,Z PROTO,V6,"2,998 cc",400,290,4.1,40000,Petrol,2,475
BMW,M340i XDRIVE,I6,"2,998 cc",382,250,4.1,57000,Petrol,5,500
Toyota,GR SUPRA,I4,"2,998 cc",382,250,4.1,53900,Petrol,2,500
Mercedes,BENZ S-CLASS S 500,V6,"2,996 cc",429,250,4.9,109000,Petrol,5,700
Mercedes,BENZ GT 53,V6,"2,996 cc",429,250,4.5,99000,Petrol,5,700
Mercedes,BENZ GLE 53,V6,"2,996 cc",429,250,5.2,71000,Petrol,5,620
Mercedes,BENZ GLC 43,V6,"2,996 cc",402,250,4.7,54000,Petrol,5,520
Mercedes,BENZ C-CLASS C 43,V6,"2,996 cc",402,250,4.7,52000,Petrol,5,520
Mercedes,BENZ CLS 450,V6,"2,996 cc",362,250,5.2,70000,Petrol,5,500
Mercedes,BENZ GLE 450,V6,"2,996 cc",362,250,5.5,63000,Petrol,5,500
Mercedes,BENZ E-CLASS E 450 ,V6,"2,996 cc",362,250,5.2,62000,Petrol,5,500
Audi,A8,V6,"2,995 cc",335,250,5.7,86000,Petrol,5,600
Audi,A7,V6,"2,995 cc",335,250,5.7,68000,Petrol,5,600
Audi,Q7,V6,"2,995 cc",335,250,6.3,60000,Petrol,7,600
Audi,A6,V6,"2,995 cc",335,250,5.7,58000,Petrol,5,600
Audi,S5 COUPE,V6,"2,995 cc",349,250,4.8,64000,Petrol,4,500
Audi,SQ5,V6,"2,995 cc",349,250,5.4,62000,Petrol,5,500
Audi,S4 SEDAN,V6,"2,995 cc",349,250,4.7,59000,Petrol,5,500
BMW,M4 GTS,I6,"2,993 cc",493,305,3.7,133000,Petrol,4,600
BMW,M4 COMPETITION,I6,"2,993 cc",503,290,3.8,81000,Petrol,4,650
BMW,M3 COMPETITION,I6,"2,993 cc",503,285,3.5,76000,Petrol,5,650
BMW,X3 M COMPETITION,I6,"2,993 cc",503,285,4.1,69000,Petrol,5,650
BMW,M2 CS,I6,"2,993 cc",444,280,4,83000,Petrol,4,550
Nissan,Urvan,2.5L Turbo Diese,"2,953 cc",127,140,14,28000,Diesel,15,356
Toyota,FORTUNER GR SPORT,"2.8L,TURBO,DIESEL","2,755 cc",204,175,10.5,55000,Diesel,7,500
Toyota,HILUX REVO ROCCO,"2.8L,TURBO,DIESEL","2,755 cc",204,175,10,50000,Diesel,5,500
Toyota,HILUX GR SPORT,"2.8L,TURBO,DIESEL","2,755 cc",224,170,10,50000,Diesel,5,500
GMC,Sierra 1500 Elevation,2.7L Turbo engine,"2,713 cc",310,180,7,52000,Petrol,5,569
Ford,Ranger Raptor,2.7L Twin-Turbo V6,"2,700 cc",392,200,6,45000,Petrol,5,583
Ford,Bronco (2024),V6 EcoBoost,"2,700 cc",310,200,6.7,45000,Petrol,5,542
Toyota,TACOMA,I4,"2,694 cc",159,180,9.5,26400,Petrol,5,400
Mazda,Proceed Marvie,2.6L Inline-4,"2,600 cc",120,160,12,20000,Petrol,5,200
Ford,Escape Plug-in Hybrid (2024),I4 Hybrid,"2,500 cc (petrol) + Electric Motor",221,190,7.5,38000,Hybrid,5,210
Ford,Maverick Hybrid,I4 Hybrid,"2,500 cc (petrol) + Electric Motor",191,180,7.8,25000,Hybrid,5,210
Mazda,Mazda6,2.5L Turbocharged,"2,500 cc",250,240,6.4,27000,Petrol,5,420
Hyundai,Sonata,2.5L Inline-4,"2,500 cc",191,240,8,25000,Petrol,5,250
Mazda,CX-50,2.5L Turbocharged,"2,500 cc",256,220,6.9,29000,Petrol,5,434
Mazda,Millenia S,2.5L V6,"2,500 cc",200,220,8,30000,Petrol,5,250
Hyundai,Santa Cruz,2.5L Turbocharged Inline-4,"2,500 cc",281,215,6.5,40799,Petrol,5,400
Mazda,Xedos 6,2.5L V6,"2,500 cc",170,215,8.5,25000,Petrol,5,230
Mazda,CX-9,2.5L Turbocharged,"2,500 cc",250,210,7.2,38000,Petrol,7,420
Mazda,Atenza,2.5L SkyActiv-G,"2,500 cc",192,210,8.5,22000,Petrol,5,252
Mazda,Mazda3 Hatchback,2.5L SkyActiv-G,"2,500 cc",186,210,8.3,24000,Petrol,5,252
Mazda,Sentia Hardtop Coupe,2.5L V6,"2,500 cc",160,210,8,30000,Petrol,4,220
Mazda,MX-6,2.5L V6,"2,500 cc",164,210,8.8,18000,Petrol,4,215
Mazda,CX-30,2.5L SkyActiv-G,"2,500 cc",186,204,8.7,23000,Petrol,5,252
Mazda,CX-5,2.5L SkyActiv-G,"2,500 cc",187,200,8.8,26000,Petrol,5,252
Mazda,CX-60,2.5L Inline-4,"2,500 cc",187,200,8.5,40000,Petrol,5,250
Mitsubishi,Outlander Black Edition,2.5L 4-Cylinder,"2,500 cc",181,190,9.5,32000,Petrol,7,245
Mitsubishi,Outlander SEL,2.5L 4-Cylinder,"2,500 cc",181,190,9.5,31000,Petrol,7,245
Mitsubishi,Outlander LE,2.5L 4-Cylinder,"2,500 cc",181,190,9.5,30000,Petrol,7,245
Mitsubishi,Outlander SE,2.5L 4-Cylinder,"2,500 cc",181,190,9.5,29000,Petrol,7,245
Mitsubishi,Outlander,2.5L 4-Cylinder,"2,500 cc",181,190,9.5,28000,Petrol,7,245
Mitsubishi,Outlander ES,2.5L 4-Cylinder,"2,500 cc",181,190,9.5,28000,Petrol,7,245
Mazda,Cronos,2.5L V6,"2,500 cc",160,190,8.5,18000,Petrol,5,210
Hyundai,Tucson,2.5L Inline-4,"2,500 cc",187,180,6.1,30500,Hybrid,5,400
Ford,Escape Hybrid,2.5L Inline-4 + Electric,"2,500 cc",200,180,7.7,28000,Hybrid,5,210
Mazda,B-Series Pickup,2.5L Diesel,"2,500 cc",143,170,11.5,20000,Diesel,5,330
Mazda,Bongo Friendee,2.5L Inline-4,"2,500 cc",115,160,12.5,20000,Petrol,7,160
Ford,Maverick,2.5L Hybrid / 2.0L EcoBoost,"2,500 - 2,000 cc",191,180,8,22000,Petrol,5,250
Toyota,CROWN,HYBRID,"2,494 cc",236,200,7.6,38400,Hybrid,5,400
Toyota,VENZA,I4,"2,494 cc",219,200,7.5,33400,Hybrid,5,400
Toyota,RAV4,I4,"2,494 cc",203,200,8.1,27100,Hybrid,5,400
Toyota,SIENNA,V6,"2,494 cc",245,190,8,44150,Hybrid,7,360
Nissan,ALTIMA,I4,"2,488 cc",188,225,7.3,25000,Petrol,5,380
Nissan,ROGUE,I4,"2,488 cc",201,200,7.5,28000,Petrol,5,270
GMC,Canyon SLT,2.5L I4 engine,"2,488 cc",200,175,8.6,38000,Petrol,5,259
GMC,Canyon Elevation,2.5L I4 engine,"2,488 cc",200,175,8.5,36300,Petrol,5,259
KIA,SPORTAGE 2024(X-PRO PRESTIGE),I4,"2,480 cc",187,200,8.1,38000,Petrol,5,400
KIA,SPORTAGE 2024(X-PRO),I4,"2,480 cc",187,200,8.1,36000,Petrol,5,400
KIA,SPORTAGE NIGHTFALL EDITION,I4,"2,480 cc",187,200,8,33000,Petrol,5,350
KIA,SPORTAGE X-LINE,I4,"2,480 cc",187,200,8,32500,Petrol,5,350
KIA,SPORTAGE GT-LINE,I4,"2,480 cc",187,200,8,32000,Petrol,5,350
KIA,SPORTAGE EX,I4,"2,480 cc",187,200,8,30000,Petrol,5,250
KIA,SPORTAGE 2024(BASE AWD),I4,"2,480 cc",187,200,8.3,29000,Petrol,5,250
KIA,SPORTAGE 2024(S TRIM),I4,"2,480 cc",187,200,8.2,28000,Petrol,5,250
KIA,SPORTAGE LX,I4,"2,480 cc",187,200,8,27000,Petrol,5,250
KIA  ,SPORTAGE 2024(BASE FWD),I4,"2,480 cc",187,200,8.5,26500,Petrol,5,250
KIA,SPORTAGE 2024(BASE MODEL),I4,"2,480 cc",187,200,8,26000,Petrol,5,250
Mitsubishi,Outlander PHEV,2.4L Hybrid,"2,400 cc / 20 kWh battery",248,170,10.5,39000,Hybrid,5,300
Acura,ILX Premium,I4,"2,400 cc (I4)",201,200,6.6,30000,Petrol,5,180
Acura,TLX 2.4L,Inline-4,"2,400 cc",206,210,6,35000,Petrol,5,247
Acura,ILX Technology Package,Inline-4,"2,400 cc",201,200,6.6,30000,Petrol,5,180
Acura,ILX Special Edition,Inline-4,"2,400 cc",201,200,6.6,30000,Petrol,5,180
Acura,ILX Technology Plus,Inline-4,"2,400 cc",201,200,6.6,28000,Petrol,5,180
Mitsubishi,Grandis,2.4L MIVEC,"2,400 cc",165,190,11,25000,Petrol,7,217
Mitsubishi,Airtrek,2.4L 4-Cylinder,"2,400 cc",160,190,11,20000,Petrol,5,214
Mitsubishi,Pajero Sport,2.4L Diesel Turbo,"2,400 cc",181,180,11,35000,Diesel,7,430
Mitsubishi,Montero Sport,2.4L Diesel Turbo,"2,400 cc",181,180,11,35000,Diesel,7,430
Mitsubishi,Montero GLX,2.4L Diesel Turbo,"2,400 cc",181,180,11,35000,Diesel,7,430
Mitsubishi,Eclipse Cross PHEV,2.4L PHEV,"2,400 cc",188,180,10.5,35000,Hybrid,5,199
Mitsubishi,L200 Barbarian X,2.4L Diesel Turbo,"2,400 cc",181,177,10.5,30000,Diesel,5,430
Mitsubishi,Triton Athlete,2.4L Diesel Turbo,"2,400 cc",181,177,10.5,27000,Diesel,5,430
Mitsubishi,Triton GLX-R,2.4L Diesel Turbo,"2,400 cc",181,177,10.5,27000,Diesel,5,430
Mitsubishi,Triton (L200),2.4L Diesel Turbo,"2,400 cc",181,177,10.5,25000,Diesel,5,430
Mitsubishi,Delica Space Gear,2.4L Petrol,"2,400 cc",145,170,13,30000,Petrol,7,206
Toyota,Toyota  GR86,BOXER-4,"2,387 cc",228,226,5.6,30000,Petrol,4,250
Ford,Focus ST,2.3L Turbo Inline-4,"2,300 cc",280,250,5.7,30000,Petrol,5,420
Mazda,Millenia,2.3L Miller Cycle V6,"2,300 cc",210,215,8.2,25000,Petrol,5,280
Mazda,CX-7,2.3L Turbocharged,"2,300 cc",244,210,7.9,28000,Petrol,5,350
Ford,Ranger,2.3L Turbo Inline-4,"2,300 cc",270,180,7,25000,Petrol,5,400
Ford,Explorer,2.3L EcoBoost / 3.0L V6,"2,300 - 3,000 cc",300,200,6,35000,Petrol,7,420
Ford,Bronco,2.3L EcoBoost / 2.7L V6,"2,300 - 2,700 cc",275,200,7.5,30000,Petrol,4,400
Mazda,CX-8,2.2L Diesel,"2,200 cc",187,200,9.2,36000,Diesel,7,450
Mitsubishi,Delica D:5,2.2L Diesel Turbo,"2,200 cc",145,175,11,35000,Diesel,7,360
Peugeot,Boxer,Diesel I4,"2,200 cc",140,160,11,32000,Diesel,3,340
Peugeot,Boxer L2H2,Inline-4,"2,200 cc",130,140,14,35000,Diesel,3,350
MAHINDRA,XUV500,"2.2L,4-CYLINDER,INLINE-4(I4)","2,179 cc",155,180,10.5,18400,Diesel,7,400
MAHINDRA,SCORPIO,"2.2L,4-CYLINDER,INLINE-4(I4)","2,179 cc",140,160,11.2,16400,Diesel,7,280
Mitsubishi,Lancer Evolution X,2.0L Turbocharged,"2,000 cc",291,240,5,40000,Petrol,5,407
Mazda,Eunos Cosmo,2.0L Twin-Rotor Turbo,"2,000 cc",280,240,6,40000,Petrol,4,300
Mazda,MX-5 Miata RF,2.0L SkyActiv-G,"2,000 cc",181,225,6.5,33000,Petrol,2,205
Mazda,MX-5 Miata,2.0L SkyActiv-G,"2,000 cc",181,225,6.5,27000,Petrol,2,205
Ford,Taurus,2.0L EcoBoost,"2,000 cc",200,220,6.5,30000,Petrol,5,300
Hyundai,Veloster,2.0L Inline-4,"2,000 cc",275,220,6,25000,Petrol,4,264
Hyundai,Elantra,2.0L Inline-4,"2,000 cc",147,210,8.3,19950,Petrol,5,250
Hyundai,Elantra GT,1.6L Turbo GDI 4-cylinder,"2,000 cc",160,200,8.3,22000,Petrol,5,320
Hyundai,Tiburon,2.0L Inline-4,"2,000 cc",160,200,8.2,19000,Petrol,4,320
Mazda,Mazda3,2.0L SkyActiv-G,"2,000 cc",155,200,8.9,22000,Petrol,5,213
Mitsubishi,Galant Fortis,2.0L MIVEC,"2,000 cc",154,200,10,18000,Petrol,5,200
Mitsubishi,Lancer SE Limited,2.0L MIVEC,"2,000 cc",148,200,10,20000,Petrol,5,197
Ford,Everest,Turbocharged Inline-4,"2,000 cc",210,190,10.5,52000,Diesel,7,500
Mazda,CX-4,2.0L SkyActiv-G,"2,000 cc",158,190,9.6,22000,Petrol,5,202
Mitsubishi,ASX Exceed,2.0L MIVEC,"2,000 cc",148,190,10,26000,Petrol,5,197
Mitsubishi,ASX Dynamic,2.0L MIVEC,"2,000 cc",148,190,10,25000,Petrol,5,197
Mitsubishi,ASX (Outlander Sport),2.0L MIVEC,"2,000 cc",148,190,10,23000,Petrol,5,197
Mitsubishi,RVR SE,2.0L MIVEC,"2,000 cc",148,190,10.5,23000,Petrol,5,197
Mazda,626,2.0L Inline-4,"2,000 cc",140,190,9.5,18000,Petrol,5,180
Mazda,Premacy,2.0L Inline-4,"2,000 cc",138,190,9.8,18000,Petrol,7,180
Mazda,Biante,2.0L Inline-4,"2,000 cc",150,185,10,22000,Petrol,7,200
Mitsubishi,Chariot,2.0L MIVEC,"2,000 cc",140,185,10.5,20000,Petrol,7,170
Ford,Ranger (2024),I4 Turbo Diesel,"2,000 cc",210,180,8,40000,Diesel,5,500
Mazda,CX-3,2.0L SkyActiv-G,"2,000 cc",146,180,9.5,21000,Petrol,5,197
Mitsubishi,Dion,2.0L 4-Cylinder,"2,000 cc",135,180,11.5,15000,Petrol,7,181
Mazda,Capella Cargo,2.0L Inline-4,"2,000 cc",115,180,12,18000,Petrol,4,160
Ford,Transit Connect,Inline-4 Gasoline Engine,"2,000 cc",162,175,10.5,29365,Petrol,7,200
Mazda,T2000,2.0L Inline-4,"2,000 cc",110,170,12.5,18000,Petrol,2,160
Ford,Transit,EcoBlue Turbo Diesel,"2,000 cc",170,160,12,43455,Diesel,15,405
Ford,Transit Chassis Cab,EcoBlue Turbo Diesel,"2,000 cc",170,160,11.5,37000,Diesel,2,405
Ford,Transit Custom,EcoBlue Turbo Diesel,"2,000 cc",130,160,12.5,35000,Diesel,9,385
Mazda,Bongo Van,2.0L Inline-4,"2,000 cc",100,160,14,18000,Petrol,3,140
Ford,Edge,2.0L EcoBoost / 2.7L V6,"2,000 - 2,700 cc",250,200,6.5,35000,Petrol,5,400
Mitsubishi,Delica Van,2.0L Diesel / 2.2L Diesel,"2,000 - 2,200 cc",145,175,11.5,30000,Diesel,7,360
Jaguar Land Rover,Jaguar F-PACE P400e Plug-in Hybrid,I4 Petrol + Electric Motor,1999 cc (I4) + Electric,398,220,5.1,75000,Hybrid,5,640
Jaguar Land Rover,Jaguar F-PACE R-Dynamic,I4 Petrol / V6 Petrol,1999 cc (I4) / 2995 cc (V6),340,250,5.4,65000,Petrol,5,480
Jaguar Land Rover,Jaguar XF R-Dynamic,I4 Petrol / V6 Petrol,1999 cc (I4) / 2995 cc (V6),340,250,5.4,65000,Petrol,5,480
Jaguar Land Rover,Jaguar F-PACE S AWD,I4 Petrol / V6 Petrol,1999 cc (I4) / 2995 cc (V6),340,250,5.4,65000,Petrol,5,480
Jaguar Land Rover,Jaguar F-PACE Prestige AWD,I4 Petrol / V6 Petrol,1999 cc (I4) / 2995 cc (V6),340,250,5.4,65000,Petrol,5,480
Jaguar Land Rover,Jaguar XF Portfolio AWD,I4 Petrol / V6 Petrol,1999 cc (I4) / 2995 cc (V6),340,250,5.4,60000,Petrol,5,450
Jaguar Land Rover,Jaguar F-Type R-Dynamic,I4 Petrol / V6 Petrol,1999 cc (I4) / 2995 cc (V6),300,250,5.1,70000,Petrol,2,400
Jaguar Land Rover,Jaguar XE R-Sport AWD,I4 Petrol / V6 Petrol,1999 cc (I4) / 2995 cc (V6),300,250,5.5,55000,Petrol,5,400
Jaguar Land Rover,Jaguar XF Sportbrake,I4 Petrol / V6 Petrol,1999 cc (I4) / 2995 cc (V6),250,250,6.5,60000,Petrol,5,400
Jaguar Land Rover,Jaguar F-PACE,I4 Petrol / V6 Petrol,1999 cc (I4) / 2995 cc (V6),250,230,7.2,55000,Petrol,5,365
Jaguar Land Rover,Jaguar XE R-Dynamic,I4 Petrol,1999 cc (I4),340,250,5.4,60000,Petrol,5,450
Jaguar Land Rover,Jaguar XE S,I4 Petrol,1999 cc (I4),340,250,5.3,55000,Petrol,5,450
Jaguar Land Rover,Jaguar F-Type P300 Coupe,I4 Petrol,1999 cc (I4),300,250,5.5,60000,Petrol,2,400
Jaguar Land Rover,Jaguar XE P300 R-Dynamic,I4 Petrol,1999 cc (I4),300,250,5.5,55000,Petrol,5,400
Jaguar Land Rover,Jaguar XF,I4 Petrol,1999 cc (I4),250,250,6.5,50000,Petrol,5,365
Jaguar Land Rover,Jaguar XE,I4 Petrol,1999 cc (I4),250,250,6.5,45000,Petrol,5,365
Jaguar Land Rover,Jaguar XE SE,I4 Petrol,1999 cc (I4),250,240,6.2,50000,Petrol,5,365
Jaguar Land Rover,Jaguar E-PACE R-Dynamic,I4 Petrol,1999 cc (I4),246,230,6.8,55000,Petrol,5,430
Jaguar Land Rover,Jaguar E-PACE,I4 Petrol,1999 cc (I4),200,230,7,50000,Petrol,5,430
Jaguar Land Rover,Jaguar E-PACE S,I4 Petrol,1999 cc (I4),200,230,7,50000,Petrol,5,430
Jaguar Land Rover,Jaguar F-PACE S 30t AWD,I4 Petrol,1999 cc (I4),247,225,6.4,60000,Petrol,5,365
Kia,Soul EX Designer Edition,2.0L 4-Cylinder,1999 cc,147,190,9.5,23500,Petrol,5,179
Kia,Soul GT Designer Edition,2.0L 4-Cylinder,1999 cc,147,190,9.5,23000,Petrol,5,179
Kia,Forte EX Premium,2.0L 4-Cylinder,1999 cc,147,190,9.2,22500,Petrol,5,179
Kia,Forte Limited Edition,2.0L 4-Cylinder,1999 cc,147,190,9.2,22500,Petrol,5,179
Kia,Soul EX,2.0L 4-Cylinder,1999 cc,147,190,9.5,22000,Petrol,5,179
Kia,Soul S,2.0L 4-Cylinder,1999 cc,147,190,9.5,20500,Petrol,5,179
Kia,Forte LXS,2.0L 4-Cylinder,1999 cc,147,190,9.2,19000,Petrol,5,179
Kia,Forte FE,2.0L 4-Cylinder,1999 cc,147,190,9.2,18500,Petrol,5,179
Kia,Seltos EX,2.0L 4-Cylinder,1999 cc,146,190,9,23500,Petrol,5,179
Kia,Seltos LX,2.0L 4-Cylinder,1999 cc,146,190,9.2,23000,Petrol,5,179
Jaguar Land Rover,Jaguar X-TYPE,I4 Petrol,1998 cc (I4),160,215,9,40000,Petrol,5,215
Nissan,Silvia S15 Spec-R,2.0L Turbo Inline-4,1998 cc,250,240,5.6,35000,Petrol,4,300
Nissan,180SX,2.0L Turbo Inline-4,1998 cc,205,240,6.8,35000,Petrol,4,275
Nissan,200SX,2.0L Turbo Inline-4,1998 cc,200,240,7.2,30000,Petrol,4,265
Nissan,Silvia,2.0L Turbo Inline-4,1998 cc,247,235,5.9,45000,Petrol,4,275
Nissan,Pulsar GTI-R,2.0L Turbo Inline-4,1998 cc,230,225,6,30000,Petrol,5,280
Nissan,200SX,2.0L Turbo Inline-4,1998 cc,200,225,7,25000,Petrol,4,260
Nissan,X-Trail GT,2.0L Turbo Inline-4,1998 cc,280,215,6.4,38000,Petrol,5,310
Nissan,Primera,2.0L Inline-4,1998 cc,140,200,9.6,20000,Petrol,5,190
Nissan,NX Coupe,2.0L Inline-4,1998 cc,140,200,9,22000,Petrol,4,180
Nissan,Rogue Sport SL,2.0L Inline-4,1998 cc,141,190,9,32000,Petrol,5,195
Nissan,Cedric,2.0L Inline-6,1998 cc,150,190,10.5,22000,Petrol,5,190
Nissan,Bluebird Z,2.0L Inline-4,1998 cc,140,190,11,23000,Petrol,5,180
Nissan,Avenir,2.0L Inline-4,1998 cc,140,180,9.8,20000,Petrol,5,186
Nissan,Prairie,2.0L Inline-4,1998 cc,120,175,11,18000,Petrol,5,170
Nissan,NV200,2.0L Inline-4,1998 cc,131,140,14,28000,Petrol,7,188
Nissan,Infiniti QX55*,2.0L VC-Turbo Inline-4,1997 cc,268,230,6.5,50000,Petrol,5,380
Nissan,Rogue Sport,2.0L Inline-4,1997 cc,141,190,9.8,24960,Petrol,5,199
Nissan,Bluebird Sylphy,2.0L Inline-4,1997 cc,133,185,10.5,18500,Petrol,5,191
Nissan,X-Trail Hybrid,2.0L Inline-4 Hybrid,1997 cc,179,180,9.4,28500,Hybrid,5,207
Mercedes,BENZ CLA 45 AMG,I4,1991 cc,382,250,4.1,53000,Petrol,5,500
Porsche,718 Boxster T,2.0L Turbo Flat-4,1988 cc,300,275,4.7,69600,Petrol,2,380
Porsche,718 Boxster,2.0L Turbo Flat-4,1988 cc,300,275,4.9,65500,Petrol,2,380
Porsche,718 Cayman,2.0L Turbocharged Flat-4,1988 cc,300,275,4.9,63400,Petrol,2,380
Volkswagen,Teramont,2.0L I4 Turbo / 3.6L V6 Gas,1984 cc / 3597 cc,235,190,8.6,32000,Petrol,7,350
Volkswagen,Golf R,2.0L Turbo I4,1984 cc,315,250,4.6,44640,Petrol,5,420
Volkswagen,Arteon R-Line,2.0L I4 Turbo,1984 cc,190,250,5.6,50000,Petrol,5,420
Volkswagen,Tiguan R-Line,2.0L I4 Turbo,1984 cc,190,250,4.9,45000,Petrol,5,420
Volkswagen,Arteon Shooting Brake,2.0L I4 Turbo,1984 cc,150,250,5.6,50000,Petrol,5,420
Volkswagen,Golf R Cabriolet,2.0L I4 Turbo,1984 cc,265,250,5.9,45000,Petrol,4,380
Volkswagen,Golf TCR,2.0L I4 Turbo,1984 cc,290,250,5.6,40000,Petrol,5,370
Volkswagen,Arteon 280 TSI,2.0L I4 Turbo,1984 cc,280,250,5.6,50000,Petrol,5,350
Volkswagen,Scirocco R,2.0L Turbo I4,1984 cc,280,250,5.5,40000,Petrol,4,350
Volkswagen,Golf GTI,2.0L Turbo I4,1984 cc,245,250,5.9,31965,Petrol,5,350
Volkswagen,Jetta GLI,2.0L I4 Turbo,1984 cc,228,250,6.5,31000,Petrol,5,350
Volkswagen,Jetta GLI 35th,2.0L I4 Turbo,1984 cc,228,250,6.5,31000,Petrol,5,350
Volkswagen,Arteon 4MOTION,2.0L Turbo I4,1984 cc,190,250,5.6,48000,Petrol,5,350
Volkswagen,Arteon,2.0L Turbo I4,1984 cc,150,250,5.6,46000,Petrol,5,350
Volkswagen,Scirocco GTS,2.0L I4 Turbo,1984 cc,220,246,6.5,35000,Petrol,4,350
Volkswagen,Polo GTI Clubsport,2.0L I4 Turbo,1984 cc,300,240,6.7,30000,Petrol,5,320
Volkswagen,Passat CC,2.0L I4 Turbo,1984 cc,200,240,7.3,40000,Petrol,5,280
Volkswagen,Polo GTI,2.0L Turbo I4,1984 cc,204,238,6.7,28000,Petrol,5,320
Volkswagen,Polo GTI Plus,2.0L I4 Turbo,1984 cc,207,237,6.7,30000,Petrol,5,320
Porsche,Macan T,2.0L Turbo Inline-4,1984 cc,265,233,6.2,63000,Petrol,5,400
Volkswagen,Scirocco,2.0L Turbo I4,1984 cc,125,233,6,35000,Petrol,4,350
Porsche,Macan Base,2.0L Turbo Inline-4,1984 cc,265,232,6.4,58000,Petrol,5,400
Porsche,Macan T,2.0L I4 Turbo,1984 cc,261,232,6.2,65000,Petrol,5,400
Porsche,Macan,2.0L I4 Turbo,1984 cc,261,232,6.2,60000,Petrol,5,400
Volkswagen,Tiguan Allspace,2.0L Turbo I4,1984 cc,184,215,7.6,35000,Petrol,7,320
Volkswagen,Passat,2.0L Turbo I4,1984 cc,150,210,7.8,25000,Petrol,5,250
Volkswagen,Tiguan,2.0L Turbo I4,1984 cc,150,209,8.5,28505,Hybrid,7,300
Volkswagen,T-Roc,2.0L Turbo I4,1984 cc,115,205,7.2,30000,Petrol,5,320
Volkswagen,Beetle Final Edition,2.0L I4 Turbo,1984 cc,174,205,7,25000,Petrol,4,250
Volkswagen,Beetle,2.0L Turbo I4,1984 cc,105,205,7,20000,Petrol,4,240
Volkswagen,Sharan,2.0L Turbo I4,1984 cc,150,200,9.3,33000,Petrol,7,280
Volkswagen,California,2.0L Turbo I4,1984 cc,150,180,13,70000,Diesel,7,340
Volkswagen,Golf 4MOTION,2.0L Diesel I4,1968 cc,150,250,4.9,40000,Petrol,5,400
Volkswagen,Golf Variant GTD,2.0L Diesel I4,1968 cc,184,230,7.5,38000,Diesel,5,380
Volkswagen,Passat Alltrack TDI,2.0L Diesel I4,1968 cc,190,220,8,40000,Diesel,5,400
Volkswagen,Passat Alltrack,2.0L Turbo Diesel I4,1968 cc,190,220,7.8,36000,Diesel,5,400
Volkswagen,Golf Variant TDI,2.0L Diesel I4,1968 cc,150,220,7.8,30000,Diesel,5,350
Volkswagen,Golf TDI,2.0L Diesel I4,1968 cc,150,220,8,28000,Diesel,5,350
Volkswagen,Golf Variant Alltrack,2.0L Diesel I4,1968 cc,150,220,7.8,35000,Petrol,5,320
Volkswagen,Golf Alltrack,2.0L Turbo Diesel I4,1968 cc,147,210,7.1,35000,Petrol,5,350
Volkswagen,Sharan Business,2.0L Diesel I4,1968 cc,150,200,8.3,35000,Diesel,7,350
Volkswagen,Transporter,2.0L I4 Turbo Diesel,1968 cc,102,180,12.2,35000,Diesel,9,340
Volkswagen,Caddy Maxi,2.0L Diesel I4,1968 cc,122,180,12,25000,Diesel,7,250
Volkswagen,Crafter,2.0L Turbo Diesel I4,1968 cc,102,160,13,40000,Diesel,3,410
Tata Motors,Safari,2.0L Kryotec Turbocharged Diesel,1956 cc,168,180,11,25500,Diesel,7,350
Tata Motors,Harrier,2.0L Kryotec Turbocharged Diesel,1956 cc,168,180,11,23000,Diesel,5,350
Nissan,NX Coupe,1.8L Inline-4,1839 cc,140,200,9,18000,Petrol,4,180
Nissan,Presea,1.8L Inline-4,1838 cc,115,170,11.5,17500,Petrol,5,161
Nissan,Silvia S13,1.8L Turbo Inline-4,1809 cc,175,215,6.8,20000,Petrol,4,230
Nissan,Sylphy,1.8L Inline-4,1798 cc,137,190,9.6,18000,Petrol,5,174
Nissan,Cube,1.8L Inline-4,1798 cc,122,175,10.6,14500,Petrol,5,171
Nissan,Wingroad,1.8L Inline-4,1798 cc,125,175,10.8,18000,Petrol,5,168
Nissan,Stanza,1.8L Inline-4,1796 cc,120,175,11,18500,Petrol,5,170
Volkswagen,Scirocco 16V,1.8L I4 Gas,1781 cc,137,220,7.1,35000,Petrol,4,230
Volkswagen,Golf Country,1.8L I4 Gas,1781 cc,98,165,12,25000,Petrol,5,170
Nissan,Violet,1.8L Inline-4,1770 cc,85,155,13.8,18000,Petrol,5,130
Nissan,Almera Tino,1.8L Inline-4,1769 cc,114,180,12.5,15000,Petrol,5,160
Porsche,Panamera Turbo S E-Hybrid,4.0L V8 + Electric Motor,17.9 kWh Battery,690,315,3.2,190000,Hybrid,4,870
Porsche,Cayenne Turbo S E-Hybrid,4.0L V8 + Electric Motor,17.9 kWh Battery,670,295,3.6,170000,Hybrid,5,900
Porsche,Panamera 4 E-Hybrid Sport Turismo,2.9L V6 + Electric Motor,17.9 kWh Battery,455,280,4.4,120000,Hybrid,4,700
Porsche,Panamera E-Hybrid,2.9L V6 + Electric Motor,17.9 kWh Battery,455,280,4.4,115000,Hybrid,4,700
Jeep,Grand Cherokee 4xe,2.0L Turbo PHEV,17.3 kWh,375,210,6,59865,Hybrid,5,637
Jeep,Wrangler 4xe,2.0L Turbo PHEV,17.3 kWh,375,180,6.4,50695,Hybrid,5,637
Volvo,Volvo FH16,16.1L I6 Turbo Diesel,16100 cc,750,120,14.5,160000,Diesel,2,3500
Mitsubishi,i-MiEV (Electric),Electric Motor,16 kWh battery,66,130,15,23000,Electric,4,196
Mitsubishi,Minicab MiEV,Electric Motor,16 kWh battery,64,100,13.5,18000,Electric,2,196
Volkswagen,Passat B7,1.6L Diesel / 2.0L I4 Turbo,1598 cc / 1984 cc,120,220,8.5,26000,Petrol,5,280
Volkswagen,Bora,1.6L I4 Gas / 1.9L I4 Diesel,1598 cc / 1896 cc,100,200,9.4,20000,Petrol,5,220
Volkswagen,Polo GTI R5,1.6L Turbocharged Rally Engine,1598 cc,272,200,4.1,45000,Petrol,5,400
Nissan,Sunny NISMO Edition,1.6L Turbo Inline-4,1598 cc,190,200,7.5,24000,Petrol,5,240
Nissan,Tiida,1.6L Inline-4,1598 cc,126,190,10.1,14500,Petrol,5,154
Volkswagen,Vento,1.6L I4 Gas / Diesel,1598 cc,105,186,11.7,18000,Petrol,5,153
Nissan,Sunny,1.6L Inline-4,1598 cc,118,180,11,15000,Petrol,5,156
Nissan,Kicks,1.6L Inline-4,1598 cc,122,180,10.7,20000,Petrol,5,154
Nissan,Versa,1.6L Inline-4,1598 cc,122,180,10.4,16700,Petrol,5,154
Nissan,Terrano XL,1.6L Inline-4,1598 cc,104,165,12.5,14000,Petrol,5,145
Nissan,Lucino,1.6L Inline-4,1597 cc,115,185,10.5,12000,Petrol,5,150
Nissan,100NX,1.6L Inline-4,1597 cc,110,185,9.6,18000,Petrol,4,135
Nissan,Sunny California,1.6L Inline-4,1597 cc,110,170,11,18000,Petrol,5,140
Nissan,Datsun 510 (Classic),1.6L Inline-4,1595 cc,96,175,10.2,25000,Petrol,4,135
Nissan,Datsun 510,1.6L Inline-4,1595 cc,96,175,10.2,25000,Petrol,4,135
Kia,K5 GT-Line,1.6L Turbocharged 4-Cylinder,1591 cc,180,220,7.8,29000,Petrol,5,264
Kia,K5 EX,1.6L Turbocharged 4-Cylinder,1591 cc,180,220,7.8,28500,Petrol,5,264
Kia,Seltos SX Turbo,1.6L Turbocharged 4-Cylinder,1591 cc,175,210,7.5,32000,Petrol,5,264
Kia,Seltos X-Line Turbo,1.6L Turbocharged 4-Cylinder,1591 cc,175,210,7.5,30000,Petrol,5,264
Kia,Seltos SX,1.6L Turbocharged 4-Cylinder,1591 cc,175,210,7.5,28500,Petrol,5,264
Kia,Seltos Nightfall Edition,1.6L Turbocharged 4-Cylinder,1591 cc,175,210,7.5,28000,Petrol,5,264
Kia,Sorento X-Pro Hybrid,1.6L Hybrid Turbocharged 4-Cylinder,1591 cc,227,200,7.8,49000,Hybrid,7,352
Kia,Sorento SX Prestige,2.5L Hybrid Turbocharged 4-Cylinder,1591 cc,227,200,7.9,48000,Hybrid,7,352
Kia,Sorento Hybrid SX Prestige,1.6L Hybrid Turbocharged 4-Cylinder,1591 cc,227,200,7.9,47000,Hybrid,7,352
Kia,Sorento Hybrid EX,1.6L Hybrid Turbocharged 4-Cylinder,1591 cc,227,200,7.9,47000,Hybrid,7,352
Kia,Soul Turbo,1.6L Turbocharged 4-Cylinder,1591 cc,201,200,6.5,28000,Petrol,5,264
Kia,Forte GT Turbo,1.6L Turbocharged 4-Cylinder,1591 cc,201,200,6.5,25500,Petrol,5,264
Kia,Forte GT-Line,1.6L Turbocharged 4-Cylinder,1591 cc,201,200,6.5,25000,Petrol,5,264
Kia,Niro SX Hybrid,1.6L Hybrid Turbocharged 4-Cylinder,1591 cc,139,180,10.5,36000,Hybrid,5,265
Kia,Niro SX Touring,1.6L 4-Cylinder Hybrid,1591 cc,139,180,10.5,34500,Hybrid,5,265
Kia,Niro Plug-In Hybrid,1.6L 4-Cylinder Hybrid,1591 cc,139,180,10.5,33000,Hybrid,5,265
Kia,Niro Touring,1.6L 4-Cylinder Hybrid,1591 cc,139,180,10.5,33000,Hybrid,5,265
Kia,Niro EX,1.6L 4-Cylinder Hybrid,1591 cc,139,180,10.5,30000,Hybrid,5,265
Kia,Rio 5-Door,1.6L 4-Cylinder,1591 cc,120,180,10.3,18000,Petrol,5,151
Kia,Rio 5-Door S,1.6L 4-Cylinder,1591 cc,120,180,10.3,18000,Petrol,5,151
Kia,Rio S,1.6L 4-Cylinder,1591 cc,120,180,10.3,17500,Petrol,5,151
Kia,Rio,1.6L 4-Cylinder,1591 cc,120,180,10.3,17000,Petrol,5,151
Chevrolet,Malibu LT,1.5L Turbo Inline-4 Gasoline,1500 cc,160,210,8.5,25800,Petrol,5,250
Chevrolet,Malibu,1.5L Turbo Inline-4 Gasoline,1500 cc,160,210,8,25000,Petrol,5,250
Chevrolet,Equinox Premier,1.5L Turbo Inline-4 Gasoline,1500 cc,170,200,8.8,33400,Petrol,5,275
Chevrolet,Equinox RS,1.5L Turbo Inline-4 Gasoline,1500 cc,170,200,8.8,31900,Petrol,5,275
Chevrolet,Equinox LT,1.5L Turbo Inline-4 Gasoline,1500 cc,170,200,8.9,28400,Petrol,5,275
Chevrolet,Equinox,1.5L Turbo Inline-4 Gasoline,1500 cc,170,200,8.9,26600,Petrol,5,275
GMC,Terrain Denali,1.5L Turbo 4-cylinder,1500 cc,175,190,9.5,38600,Petrol,5,275
GMC,Terrain AT4,1.5L Turbo 4-cylinder,1500 cc,175,190,9.6,36500,Petrol,5,275
GMC,Terrain,1.5L Turbo 4-cylinder,1500 cc,175,190,9.5,29900,Petrol,5,275
Volkswagen,Golf,1.5L Turbo I4 / Electric,1498 cc / 40 - 58 kWh,110,210,8.5,23000,Petrol,5,250
Volkswagen,Golf Variant,1.5L Turbo I4 / 2.0L Diesel I4,1498 cc / 1968 cc,130,220,7.5,32000,Petrol,5,320
Volkswagen,Passat Variant,1.5L I4 Turbo / 2.0L Diesel,1498 cc / 1968 cc,150,220,8.5,30000,Petrol,5,280
Volkswagen,Passat B8,1.5L I4 Turbo / 2.0L Diesel,1498 cc / 1968 cc,150,210,8.7,28000,Petrol,5,250
Volkswagen,Golf TGI,1.5L I4 CNG,1498 cc,130,220,8.8,30000,Petrol,5,200
Volkswagen,Jetta,1.5L Turbo I4,1498 cc,150,210,7.7,21995,Petrol,5,250
Volkswagen,Golf Sportsvan,1.5L Turbo I4,1498 cc,130,210,8.9,30000,Petrol,5,250
Nissan,X-Trail,1.5L Turbocharged Inline-3,1498 cc,201,200,8,29000,Hybrid,5,305
Volkswagen,Taos,1.5L I4 Turbo,1498 cc,158,193,8.4,24000,Petrol,5,250
Volkswagen,Santana,1.5L I4 Gas,1498 cc,110,190,12.9,15000,Petrol,5,145
Volkswagen,Caddy,1.5L Turbo I4,1498 cc,102,185,10.5,28000,Petrol,7,250
Volkswagen,Taigo,1.5L Turbo I4,1498 cc,95,183,10,24000,Petrol,5,200
Nissan,Latio,1.5L Inline-4,1498 cc,102,175,11.5,13000,Petrol,5,139
Nissan,AD Wagon,1.5L Inline-4,1498 cc,105,165,12.3,16000,Petrol,5,150
Nissan,Qashqai e-Power,1.5L Hybrid,1497 cc,187,200,7.5,40000,Hybrid,5,330
Nissan,X-Trail Platinum Edition,1.5L Turbo Hybrid,1497 cc,204,190,8,46000,Hybrid,5,305
Nissan,X-Trail Tekna,1.5L Turbo Hybrid,1497 cc,204,190,8,43000,Hybrid,5,305
Nissan,Rogue Midnight Edition,1.5L Turbo Inline-3,1497 cc,201,180,8.2,39000,Petrol,5,300
Nissan,Rogue Platinum,1.5L Turbo Inline-3,1497 cc,201,180,8.2,38000,Petrol,5,300
Nissan,Rasheen,1.5L Inline-4,1497 cc,105,165,13,10000,Petrol,5,135
Nissan,Terrano,1.5L Inline-4 Diesel,1461 cc,110,168,13.5,15500,Diesel,5,248
Nissan,Evalia,1.5L Inline-4 Diesel,1461 cc,85,140,15,25000,Diesel,7,200
Chevrolet,Sonic,1.4L Turbo Inline-4 Gasoline,1400 cc,138,190,8.5,16720,Petrol,5,200
Chevrolet,Spark Activ,1.4L Inline-4 Gasoline,1400 cc,98,180,11,17595,Petrol,5,127
Chevrolet,Spark,1.4L Inline-4 Gasoline,1400 cc,98,180,10.7,14595,Petrol,5,127
Chevrolet,Spark LS,1.4L Inline-4 Gasoline,1400 cc,98,180,10.9,14395,Petrol,5,127
Nissan,Cherry,1.4L Inline-4,1397 cc,67,145,14,14000,Petrol,5,110
Tata Motors,Indigo GLX,1.4L MPFI Petrol,1396 cc,85,160,15,7200,Petrol,5,115
Tata Motors,Indigo eCS,1.4L CR4 Diesel,1396 cc,70,155,16.5,6500,Diesel,5,140
Tata Motors,Indica eV2,1.4L CR4 Diesel,1396 cc,70,155,16,6200,Diesel,5,140
Tata Motors,Indigo LX,1.4L CR4 Diesel,1396 cc,70,150,17,7000,Diesel,5,140
Tata Motors,Indigo Marina,1.4L CR4 Diesel / 1.4L Petrol,1396 cc,70,150,17,8300,Petrol,5,135
Volkswagen,Golf GTE,Plug-in Hybrid (1.4L I4 Turbo),1395 cc + Electric Motor,204,222,7.6,40000,Hybrid,5,350
Volkswagen,Tiguan eHybrid,1.4L I4 Turbo + Electric Motor,1395 cc + Battery,245,200,7.5,42000,Hybrid,5,400
Volkswagen,Jetta SportWagen,1.4L I4 Turbo / 2.0L Diesel I4,1395 cc / 1968 cc,147,200,8.5,27000,Petrol,5,250
Volkswagen,Multivan,Plug-in Hybrid / Diesel I4,1395 cc / 1968 cc,150,190,9.4,50000,Hybrid,7,350
Volkswagen,Passat Hybrid,1.4L I4 Turbo + Electric Motor,1395 cc,215,210,7.4,32000,Hybrid,5,330
Volkswagen,Jetta Hybrid,1.4L I4 Turbo + Electric Motor,1395 cc,170,210,8.6,28000,Hybrid,5,250
Volkswagen,Jetta Hybrid,1.4L I4 Turbo + Electric Motor,1395 cc,170,210,8.6,28000,Hybrid,5,250
Volkswagen,Beetle Dune,1.4L I4 Turbo,1395 cc,150,200,7.5,30000,Petrol,4,250
Volkswagen,Polo TDI,1.4L I4 Diesel / 1.6L Diesel,1390 cc / 1598 cc,75,190,9.9,20000,Diesel,5,250
Volkswagen,Polo Vivo,1.4L I4 Gas / 1.6L I4 Gas,1390 cc / 1598 cc,85,170,10.8,14000,Petrol,5,132
Volkswagen,Lupo,1.4L I3 Gas / 1.2L Diesel I3,1390 cc / 1199 cc,60,170,14.3,15000,Petrol,4,120
Nissan,Qashqai,1.3L Turbocharged Inline-4,1332 cc,156,195,8.9,26000,Petrol,5,260
Nissan,Qashqai Tekna,1.3L Turbo Hybrid Inline-4,1332 cc,158,190,9.2,36000,Hybrid,5,270
Volvo,Volvo FH,13.0L I6 Turbo Diesel,13000 cc,540,120,15,120000,Diesel,2,2600
Volvo,Volvo FMX,13.0L I6 Turbo Diesel,13000 cc,500,110,16.5,110000,Diesel,2,2500
Jeep,Renegade,1.3L Turbo I4 Gasoline,1300 cc,177,200,8.7,28345,Petrol,5,285
Chevrolet,Trailblazer,1.3L Turbo Inline-3 Gasoline,1300 cc,155,200,9.4,23100,Petrol,5,236
Volvo,Volvo VNL,12.8L I6 Turbo Diesel,12800 cc,500,120,15,125000,Diesel,2,2400
Volvo,Volvo FM,12.8L I6 Turbo Diesel,12800 cc,460,110,16,100000,Diesel,2,2200
Volvo,Volvo VNR,12.8L I6 Turbo Diesel,12800 cc,400,110,17,95000,Diesel,2,1800
Volvo,Volvo VHD,12.8L I6 Turbo Diesel,12800 cc,500,100,18,120000,Diesel,2,2500
Tata Motors,Manza,1.3L Quadrajet Diesel / 1.4L Petrol,1248 cc / 1368 cc,75,160,14,9000,Diesel,5,200
Tata Motors,Zest,1.3L Quadrajet Diesel / 1.2L Revotron Petrol,1248 cc / 1199 cc,75,165,15,8700,Diesel,5,190
Chevrolet,Trax LT,1.2L Turbo Inline-3 Gasoline,1200 cc,137,200,9.2,24100,Petrol,5,220
Tata Motors,Nexon,1.2L Turbo Petrol / 1.5L Diesel,1199 cc / 1497 cc,118,180,10,14000,Petrol,5,170
Tata Motors,Altroz,1.2L Revotron Petrol / 1.5L Diesel,1199 cc / 1497 cc,86,170,12,10400,Petrol,5,113
Volkswagen,Polo BlueMotion,1.2L Diesel I3,1199 cc,75,190,10.5,22000,Diesel,5,250
Volkswagen,Polo BlueMotion,1.2L Diesel I3,1199 cc,75,190,10.5,20000,Diesel,5,210
Tata Motors,Altroz iTurbo,1.2L Turbocharged Petrol,1199 cc,110,180,10,12000,Petrol,5,140
Tata Motors,Altroz DCA,1.2L Revotron 3-cylinder Petrol,1199 cc,86,170,12.5,11300,Petrol,5,113
Tata Motors,Tigor,1.2L Revotron 3-cylinder Petrol,1199 cc,86,170,13,9400,Petrol,5,113
Tata Motors,Tiago NRG,1.2L Revotron 3-cylinder Petrol,1199 cc,86,170,13.5,9200,Petrol,5,113
Tata Motors,Tiago,1.2L Revotron 3-cylinder Petrol,1199 cc,86,170,13,8200,Petrol,5,113
Volkswagen,Volkswagen Lupo 3L,1.2L Diesel I3,1199 cc,61,165,14.5,20000,Diesel,4,140
Tata Motors,Altroz CNG,1.2L Revotron Bi-Fuel,1199 cc,86,165,12,11800,Petrol,5,113
Tata Motors,Punch,1.2L Revotron Petrol,1199 cc,86,160,16,10500,Petrol,5,113
Volkswagen,Fox,1.2L I4 Gas / 1.4L I4 Gas,1198 cc / 1390 cc,55,148,17.5,12000,Petrol,5,93
Nissan,Note,1.2L Inline-3 Hybrid,1198 cc,109,170,11.5,16000,Hybrid,5,150
Nissan,March,1.2L Inline-3,1198 cc,79,170,13.7,12000,Petrol,5,106
Nissan,Serena e-Power,1.2L Hybrid,1198 cc,134,160,12,35000,Hybrid,7,320
Volkswagen,Golf Cabriolet,1.2L I4 Turbo / 2.0L I4 Turbo,1197 cc / 1984 cc,105,217,8.4,30000,Petrol,4,200
Volkswagen,Golf Cabriolet,1.2L I4 Turbo / 2.0L I4 Turbo,1197 cc / 1984 cc,105,217,8.4,30000,Petrol,4,200
Nissan,Pulsar,1.2L Turbocharged Inline-4,1197 cc,115,190,10.7,19000,Petrol,5,190
Tata Motors,Indica V2 Xeta,1.2L MPFI Petrol,1193 cc,65,140,16,5000,Petrol,5,100
Volkswagen,Karmann Ghia,1.2L I4 Gas,1192 cc,34,138,23,25000,Petrol,2,106
BMW,I8 ROADSTER,ELECTRIC MOTOR,11.6 kwh,369,250,4.4,165000,Hybrid,2,570
Jeep,Compass 4xe,1.3L Turbo PHEV,11.4 kWh,240,200,7.3,46500,Hybrid,5,270
Jeep,Renegade 4xe,1.3L Turbo PHEV,11.4 kWh,240,200,7.5,44500,Hybrid,5,270
Tesla,Model S Plaid,Tri Electric Motors,100 kWh,1020,322,2.1,108490,Electric,5,1400
Tesla,Model X Plaid,Tri Electric Motors,100 kWh,1020,262,2.6,113490,Electric,6,1400
Tesla,Model X,Dual Electric Motors (AWD),100 kWh,670,250,3.8,98490,Electric,7,967
Tesla,Model S,Dual Electric Motors,100 kWh,670,250,3.1,88490,Electric,5,967
Cadillac,Lyriq EV Premium,Dual Electric Motors,100 kWh,500,210,4.5,64990,Electric,5,620
Cadillac,Lyriq Launch Edition,Single Electric Motor,100 kWh,340,190,5.7,59990,Electric,5,440
Cadillac,Lyriq EV,Single Electric Motor,100 kWh,340,190,5.7,58590,Electric,5,440
Jeep,Wagoneer S (Electric),Dual Electric Motors,100 kWh,600,177,4.5,80000,Electric,5,850
Hyundai,ELANTRA,"2.0L,4-CYLINDER,INLINE-4(I4)","1,999 cc",147,200,9.5,18400,Petrol,5,250
BMW,M135i XDRIVE,I4,"1,998 cc",302,250,4.8,30000,Petrol,5,450
BMW,128ti,I4,"1,998 cc",261,250,6.1,42000,Petrol,5,400
BMW,430i COUPE,I4,"1,998 cc",255,250,5.8,48000,Petrol,4,400
BMW,330i,I4,"1,998 cc",255,250,5.6,45000,Petrol,5,400
BMW,530i,I4,"1,998 cc",248,250,5.9,57000,Petrol,5,400
BMW,125i,I4,"1,998 cc",224,240,6.1,42000,Petrol,5,400
Peugeot,508,Inline-4,"1,998 cc",180,235,8,35500,Petrol,5,300
BMW,120i XDRIVE,I4,"1,998 cc",178,230,7.2,40000,Petrol,5,300
BMW,120i M SPORT,I4,"1,998 cc",178,230,7.1,39000,Petrol,5,300
BMW,120i,I4,"1,998 cc",178,230,7.1,37000,Petrol,5,300
Toyota,Toyota 86,BOXER-4,"1,998 cc",205,226,6.4,27000,Petrol,4,205
KIA,SPORTAGE 2024(SX TURBO AWD),I4,"1,998 cc",240,210,6.5,40000,Petrol,5,400
KIA,SPORTAGE 2024(TOP TRIM),I4,"1,998 cc",240,210,6.7,38000,Petrol,5,400
KIA,SPORTAGE SX TURBO,I4,"1,998 cc",240,210,6.7,36000,Petrol,5,400
Peugeot,5008,Inline-4,"1,998 cc",165,200,9.5,35000,Diesel,7,400
Nissan,SENTRA,I4,"1,998 cc",149,200,8.2,20000,Petrol,5,240
Mazda,Eunos 500,2.0L Inline-4,"1,998 cc",135,200,9,25000,Petrol,5,170
Toyota,PRIUS PRIME,"2.0L,4-CYLINDER,WITH HYBRID SYSTEM","1,998 cc",220,180,6.7,31100,Hybrid,5,220
Mazda,Bongo Truck,2.0L Inline-4,"1,998 cc",120,130,15,15000,Petrol,2,150
MAHINDRA,THAR,"2.0L,4-CYLINDER,INLINE-4(I4)","1,997 cc",150,180,10.5,20400,Diesel,4,320
Peugeot,Expert,Diesel I4,"1,997 cc",120,180,10,30000,Diesel,3,300
Peugeot,Expert L2H1,Inline-4,"1,997 cc",120,160,13,30000,Diesel,3,320
Honda,CIVIC TYPE R,I4,"1,996 cc",315,272,5.7,44000,Petrol,5,400
Honda,CIVIC,I4,"1,996 cc",158,200,8.5,20400,Petrol,5,400
BMW,125D,I4,"1,995 cc",224,240,6.3,44000,Diesel,5,400
BMW,120D XDRIVE,I4,"1,995 cc",190,230,6.9,38000,Diesel,5,400
BMW,120D EFFICIENTDYNAMICS,I4,"1,995 cc",163,225,7.7,39000,Diesel,5,400
BMW,118D SPORT LINE,I4,"1,995 cc",150,216,8.4,36000,Diesel,5,380
BMW,118D,I4,"1,995 cc",150,216,8.4,34000,Diesel,5,380
Mercedes,BENZ A-CLASS A 45 S,I4,"1,991 cc",416,250,3.9,53000,Petrol,5,500
Mercedes,BENZ GLA 45,I4,"1,991 cc",382,250,4.3,48000,Petrol,5,500
Mercedes,BENZ S-CLASS S 350,I4,"1,991 cc",255,250,6.5,90000,Petrol,5,500
Mercedes,BENZ GLE 350 ,I4,"1,991 cc",255,250,6.1,53000,Petrol,5,500
Mercedes,BENZ E-CLASS E 350,I4,"1,991 cc",255,250,5.7,49000,Petrol,5,500
Mercedes,BENZ GLC 350 ,I4,"1,991 cc",255,250,6.1,46000,Petrol,5,500
Toyota,COROLLA HATCHBACK XSE,"2.0L,INLINE-4","1,987 cc",169,190,8.2,25390,Petrol,5,250
Toyota,INNOVA HYCROSS,2.0L HYBRID,"1,987 cc",184,165,9.5,40000,Hybrid,7,250
Toyota,MR2,I4,"1,986 cc",168,200,6.9,29000,Petrol,2,400
Toyota,C-HR,I4,"1,986 cc",144,200,10.2,24400,Petrol,5,250
Toyota,CELICA,I4,"1,986 cc",140,200,8.5,25000,Petrol,5,250
Audi,S3 SEDAN,I4,"1,984 cc",306,250,4.8,52000,Petrol,5,400
Audi,TT COUPE,I4,"1,984 cc",248,250,5.3,49000,Petrol,2,400
Audi,A5 COUPE,I4,"1,984 cc",248,240,6.3,45000,Petrol,4,500
Audi,Q5,I4,"1,984 cc",248,240,6.3,43000,Petrol,5,500
Audi,A4,I4,"1,984 cc",248,240,6.5,39000,Petrol,5,400
Audi,Q3,I4,"1,984 cc",248,230,7.3,35000,Petrol,5,400
VOLVO,S90,I6,"1,969 cc",295,250,5.9,60000,Petrol,5,400
VOLVO,XC60,I6,"1,969 cc",247,220,6.4,55000,Petrol,5,400
VOLVO,XC90,I6,"1,969 cc",247,200,6.5,60000,Diesel,7,400
Mazda,Familia Astina,1.8L Inline-4,"1,800 cc",135,200,8.5,20000,Petrol,5,170
Mitsubishi,Grand Lancer,1.8L MIVEC,"1,800 cc",138,190,11.5,20000,Petrol,5,173
Mazda,Astina,1.8L Inline-4,"1,800 cc",140,190,8.5,20000,Petrol,5,160
Mitsubishi,Space Runner,1.8L MIVEC,"1,800 cc",140,185,10.5,20000,Petrol,5,170
Mazda,Proteg,1.8L Inline-4,"1,800 cc",125,185,9,15000,Petrol,5,170
Mazda,Luce,1.8L Rotary,"1,800 cc",135,180,10.5,15000,Petrol,5,170
Mazda,Parkway,1.8L Inline-4,"1,800 cc",115,160,12.5,20000,Petrol,5,155
Mazda,MX-5 Superlight Concept,1.8L Inline-4,"1,798 cc",143,200,7.5,30000,Petrol,2,160
Toyota,COROLLA SEDAN HYBRID,"1.8L,HYBRID","1,798 cc",134,180,10,24000,Hybrid,5,300
Toyota,COROLLA,I4,"1,798 cc",139,180,9.4,22500,Petrol,5,200
Toyota,PRIUS,I4,"1,798 cc",121,180,10.5,26700,Hybrid,5,142
Toyota,GR YARIS,"1.6L,TURBOCHARGED INLINE-3","1,618 cc",268,230,5.5,45000,Petrol,4,390
Toyota,GR COROLLA,"1.6L,TURBOCHARGED INLINE-3","1,618 cc",300,230,5,36995,Petrol,5,370
KIA,SPORTAGE PHEV,I4 + ELECTRIC,"1,600 cc / 13.8 kwh",261,180,8,41000,Hybrid,5,350
KIA,SPORTAGE 2024(HYBRID AWD),I4 + ELECTRIC,"1,600 cc / 1.49 kwh",227,180,8,37000,Hybrid,5,350
Mitsubishi,Lancer GLX,1.6L MIVEC,"1,600 cc",115,190,11.5,17000,Petrol,5,154
Hyundai,SANTA FE,1.6L PETROL + PLUG IN HYBRID SYSTEM,"1,600 cc",253,180,9.3,50000,Hybrid,7,420
Hyundai,Venue,1.6L Inline-4,"1,600 cc",121,180,9.5,18000,Petrol,5,240
Hyundai,Accent,1.6L Inline-4,"1,600 cc",120,180,9.8,15000,Petrol,5,151
Mazda,323F,1.6L Inline-4,"1,600 cc",105,180,10.5,14000,Petrol,5,145
Mazda,Capella,1.6L Inline-4,"1,600 cc",110,175,11.2,14000,Petrol,5,145
Mazda,818,1.6L Inline-4,"1,600 cc",100,170,12.5,14000,Petrol,5,130
Hyundai,Ioniq,1.6L Inline-4,"1,600 cc",139,160,8.5,18000,Hybrid,5,295
Mitsubishi,Lancer EX,1.6L MIVEC / 2.0L,"1,600 - 2,000 cc",117,200,10,20000,Petrol,5,154
Peugeot,508 PSE (Peugeot Sport Engineered),Hybrid I4 + Electric Motor,"1,599 cc (petrol) + Electric Motor",360,250,5.2,55000,Hybrid,5,520
Peugeot,3008 Hybrid4,Hybrid I4+ Electric Motor,"1,599 cc (Petrol) + Electric Motor",300,235,6,45000,Hybrid,5,520
KIA,SPORTAGE 2024(PLUG-IN HYBRID AWD),I4 + ELECTRIC,"1,598 cc / 13.8 kwh",261,180,7.9,42000,Hybrid,5,350
Peugeot,508 PSE,Hybrid I4,"1,598 cc (petrol) + Electric Motor",360,250,5.2,60000,Hybrid,5,520
Peugeot,508 PSE (Peugeot Sport Engineered),Hybrid I4,"1,598 cc (petrol) + Electric Motor",360,250,5.2,55000,Hybrid,5,520
Peugeot,308 PSE,Hybrid I4,"1,598 cc (petrol) + Electric Motor",360,250,5,55000,Hybrid,5,520
Peugeot,208 PSE (Peugeot Sport Engineered),Hybrid I4,"1,598 cc (petrol) + Electric Motor",225,250,5.5,45000,Hybrid,5,360
Peugeot,508 Hybrid4,Hybrid I4 + Electric Motor,"1,598 cc (petrol) + Electric Motor",300,235,6,47000,Hybrid,5,520
Peugeot,3008 PSE,Hybrid I4,"1,598 cc (petrol) + Electric Motor",300,235,6,50000,Hybrid,5,400
Peugeot,3008 GT Hybrid,Hybrid I4,"1,598 cc (petrol) + Electric Motor",300,235,6,45000,Hybrid,5,400
Peugeot,5008 GT Hybrid,Hybrid I4,"1,598 cc (petrol) + Electric Motor",300,210,6.5,48000,Hybrid,7,400
Peugeot,508 Plug-In Hybrid,Hybrid I4 + Electric Motor,"1,598 cc (petrol) + Electric Motor",225,210,7.5,44000,Hybrid,5,360
Peugeot,3008 Plug-In Hybrid,Hybrid I4 + Electric Motor,"1,598 cc (petrol) + Electric Motor",225,210,7,42000,Hybrid,5,360
Peugeot,308 GTI,Inline-4,"1,598 cc",270,250,6,35000,Petrol,5,330
Peugeot,508 GT,Inline-4,"1,598 cc",225,235,6.8,40000,Petrol,5,300
Peugeot,208 GTI,Inline-4,"1,598 cc",208,230,6.5,28000,Petrol,5,300
Peugeot,508 SW (Station Wagon),Inline-4,"1,598 cc",180,220,8.4,35000,Petrol,5,300
Peugeot,3008 GT,Inline-4,"1,598 cc",200,220,7.5,35000,Petrol,5,280
Peugeot,3008,Inline-4,"1,598 cc",180,210,7.5,32000,Petrol,5,400
Peugeot,508 Saloon,Inline-4,"1,598 cc",180,210,8.6,37000,Petrol,5,300
Peugeot,5008 GT,Inline-4,"1,598 cc",180,210,8.2,40000,Petrol,7,250
Peugeot,3008 GT Line,Inline-4,"1,598 cc",180,210,8.5,35000,Petrol,5,250
Peugeot,5008 GT Line,Inline-4,"1,598 cc",180,200,9,38000,Petrol,7,250
Peugeot,308,Inline-4,"1,598 cc",130,200,8,28000,Petrol,5,230
BMW,116i EFFICIENTDYNAMICS,I4,"1,598 cc",109,195,10.9,29000,Petrol,5,200
BMW,114i,I4,"1,598 cc",102,195,11.2,26000,Petrol,5,200
Mazda,MX-3,1.6L Inline-4,"1,598 cc",130,190,8.5,18000,Petrol,4,140
Peugeot,301,Inline-4,"1,598 cc",115,185,10,23500,Petrol,5,150
Mazda,Etude,1.6L Inline-4,"1,598 cc",105,170,10,14000,Petrol,5,135
Hyundai,Kona,1.6L PETROL ,"1,591 cc",147,185,10.5,20500,Electric,5,400
Mazda,Eunos Roadster,1.6L Inline-4,"1,590 cc",116,180,9.5,15000,Petrol,2,140
Mazda,RX-5,1.6L Inline-2 (Wankel),"1,588 cc",135,190,8,25000,Petrol,4,210
Peugeot,Partner Tepee,Inline-4,"1,560 cc",100,170,12,25000,Diesel,5,260
Peugeot,Partner,Diesel I4,"1,560 cc",75,160,12,22500,Diesel,5,200
Acura,RDX Platinum Elite,I4 Turbocharged,"1,500 cc (I4)",272,210,6.6,55000,Petrol,5,400
Acura,RDX SH-AWD,I4 Turbocharged,"1,500 cc (I4)",272,210,6.6,50000,Petrol,5,400
Acura,RDX Technology,I4 Turbocharged,"1,500 cc (I4)",272,210,6.6,45000,Petrol,5,400
Ford,Fiesta ST,1.5L Turbo Inline-3,"1,500 cc",200,230,6.5,23000,Petrol,5,290
Ford,Fusion (Mondeo),1.5L EcoBoost,"1,500 cc",160,220,7.5,25000,Petrol,5,200
Acura,RDX Turbo AWD,Inline-4 Turbocharged,"1,500 cc",272,210,6.6,45000,Petrol,5,400
Acura,RDX Turbo SH-AWD,Turbocharged I4,"1,500 cc",272,210,6.6,42000,Petrol,5,400
Acura,RDX Hybrid,Inline-4 Hybrid,"1,500 cc",247,210,6.6,50000,Hybrid,5,400
Mitsubishi,Colt CZC Convertible,1.5L Turbocharged,"1,500 cc",147,200,9.5,25000,Petrol,4,210
Mitsubishi,Eclipse Cross Black Edition,1.5L Turbo,"1,500 cc",152,180,9.8,28000,Petrol,5,250
Mitsubishi,Eclipse Cross,1.5L Turbo,"1,500 cc",152,180,9.8,25000,Petrol,5,250
Ford,Territory,Turbocharged Inline-4,"1,500 cc",140,180,11,32000,Petrol,5,225
Mazda,Mazda2,1.5L 4-Cylinder,"1,500 cc",108,180,10.2,17000,Petrol,5,142
Mazda,Demio,1.5L SkyActiv-G,"1,500 cc",108,180,10.2,13000,Petrol,5,142
Mitsubishi,Colt,1.5L MIVEC,"1,500 cc",150,180,9,15000,Petrol,5,100
Mazda,Familia Sedan,1.5L Inline-4,"1,500 cc",100,175,11,12000,Petrol,5,135
Mitsubishi,Xpander,1.5L MIVEC,"1,500 cc",105,170,13.5,20000,Petrol,7,141
Mitsubishi,Xpander Cross,1.5L MIVEC,"1,500 cc",105,170,12,20000,Petrol,7,141
Mazda,Verisa,1.5L Inline-4,"1,500 cc",113,170,11,14000,Petrol,5,140
Mazda,1500,1.5L Inline-4,"1,500 cc",85,145,14,12000,Petrol,5,120
Mazda,T1500,1.5L Inline-4,"1,500 cc",75,120,18,15000,Petrol,2,105
Ford,Escape (Kuga),1.5L EcoBoost / 2.5L Hybrid,"1,500 - 2,500 cc",181,190,7.5,25000,Hybrid,5,230
Ford,Bronco Sport,1.5L EcoBoost / 2.0L EcoBoost,"1,500 - 2,000 cc",181,185,7,26000,Petrol,5,250
Peugeot,508 Allure,Inline-4,"1,499 cc",180,225,8,35000,Petrol,5,250
BMW,118i M SPORT,I3,"1,499 cc",136,213,8.5,37000,Petrol,5,250
BMW,118i SHADOW LINE,I3,"1,499 cc",136,213,8.5,36000,Petrol,5,250
BMW,118i SPORTLINE,I3,"1,499 cc",136,213,8.5,35000,Petrol,5,250
BMW,118i URBAN LINE,I3,"1,499 cc",136,213,8.5,35000,Petrol,5,250
BMW,118i,I3,"1,499 cc",136,213,8.5,32000,Petrol,5,220
BMW,118i XDRIVE,I3,"1,499 cc",136,211,8.9,34000,Petrol,5,250
Peugeot,3008 Allure,Inline-4,"1,499 cc",180,210,8,30000,Petrol,5,250
Peugeot,5008 Allure,Inline-4,"1,499 cc",180,200,8.5,33000,Petrol,7,250
Peugeot,3008 Allure Premium,Inline-4,"1,499 cc",130,200,9.8,32000,Petrol,5,240
Peugeot,3008 Active,Inline-4,"1,499 cc",130,200,10,30000,Petrol,5,240
BMW,116i,I3,"1,499 cc",109,200,10.9,28000,Petrol,5,200
Peugeot,5008 Allure Premium,Inline-4,"1,499 cc",130,190,10.2,35000,Petrol,7,240
Peugeot,5008 Active,Inline-4,"1,499 cc",130,190,10.5,33000,Petrol,7,240
Honda,CIVIC HATCHBACK,I4,"1,498 cc",180,220,6.8,26350,Petrol,5,300
Honda,ACCORD,I4,"1,498 cc",192,201,7.1,29400,Petrol,5,370
Honda,CR-V,I4,"1,498 cc",190,186,8.2,30000,Hybrid,5,400
Honda,CITY,I4,"1,497 cc",119,180,10.2,15400,Petrol,5,145
Mazda,Persona,1.5L Inline-4,"1,497 cc",92,160,13.5,13000,Petrol,5,130
Mazda,Porter,1.5L Inline-4,"1,497 cc",95,130,14,12000,Petrol,2,130
BMW,116D,I3,"1,496 cc",116,200,10.3,30000,Diesel,5,280
BMW,116D ADVANTAGE,I3,"1,496 cc",116,200,10.5,31000,Diesel,5,270
BMW,116D EFFICIENTDYNAMICS,I3,"1,496 cc",116,200,10.9,30000,Diesel,5,270
BMW,114D SPORT LINE,I3,"1,496 cc",95,185,12.2,28000,Diesel,5,270
BMW,114D,I3,"1,496 cc",95,185,12.2,27000,Diesel,5,270
Toyota,YARIS,I4,"1,496 cc",106,180,11.2,18400,Petrol,5,150
GMC,Terrain All-Terrain Edition,1.5L Turbocharged I4 engine,"1,490 cc",170,200,9.3,35000,Petrol,5,275
GMC,Terrain SLT,1.5L Turbocharged I4 engine,"1,490 cc",170,200,9.4,31000,Petrol,5,275
GMC,Terrain Elevation Edition,1.5L Turbocharged I4 engine,"1,490 cc",170,200,9.3,28700,Petrol,5,275
Toyota,URBAN CRUISER TAISOR,"1.5L,HYBRID","1,490 cc",114,170,11,25000,Petrol,5,130
MARUTI SUZUKI,BREZZA,"1.5L,4-CYLINDER,INLINE(I4)","1,462 cc",103,180,11.5,14400,Petrol,5,200
Hyundai,I20,"1.4L,4-CYLINDER,INLINE-4(I4)","1,396 cc",99,180,10.5,15400,Hybrid,5,250
Mazda,RX-7 Spirit R,1.3L Inline-2 (Wankel),"1,308 cc",280,250,5.5,35000,Petrol,2,290
Mazda,Savanna RX-7,1.3L Inline-2 (Wankel),"1,308 cc",165,230,7.5,28000,Petrol,2,230
Mazda,RX-2,1.3L Inline-2 (Wankel),"1,308 cc",130,185,8.5,20000,Petrol,4,220
Mazda,Premacy Hydrogen RE Hybrid,1.3L Wankel + Electric,"1,308 cc",200,180,9.5,40000,Hybrid,5,260
Mazda,Premacy Hydrogen RE,1.3L Wankel + Electric,"1,308 cc",200,180,9.5,40000,Hybrid,5,260
Mazda,Luce Rotary Coupe,1.3L Wankel Rotary Engine,"1,308 cc",135,175,12,25000,Petrol,4,180
Mazda,Rotary Pickup,1.3L Wankel Rotary Engine,"1,308 cc",130,150,14.5,18000,Petrol,2,160
Mazda,RX-7,1.3L Rotary Twin-Turbo,"1,300 cc",276,250,5.5,30000,Petrol,4,314
Mazda,Roadpacer AP,1.3L Rotary,"1,300 cc",130,170,11.5,20000,Petrol,5,165
Mazda,121,1.3L Inline-4,"1,300 cc",70,155,13,12000,Petrol,5,110
Mazda,Revue,1.3L Inline-4,"1,300 cc",75,130,15.5,10000,Petrol,5,110
Mazda,AZ-Offroad,1.3L Inline-4,"1,298 cc",85,145,12,15000,Petrol,5,130
Mazda,RX-3,1.2L Rotary,"1,200 cc",110,180,8.9,15000,Petrol,4,145
Mitsubishi,Mirage G4,1.2L MIVEC,"1,200 cc",78,170,12,17000,Petrol,5,100
Mitsubishi,Mirage,1.2L MIVEC,"1,200 cc",78,170,12,16000,Petrol,5,100
Mitsubishi,Space Star,1.2L MIVEC,"1,200 cc",78,170,12,15000,Petrol,5,100
Mitsubishi,Attrage,1.2L MIVEC,"1,200 cc",78,170,12.5,15000,Petrol,5,100
Mitsubishi,Mirage ES,1.2L MIVEC,"1,200 cc",78,170,12.5,15000,Petrol,5,100
Ford,KA+,1.2L Petrol,"1,200 cc",70,165,10.5,12000,Petrol,5,100
Ford,KA+,1.2L Petrol,"1,200 cc",70,165,10.5,12000,Petrol,5,100
Mazda,1200,1.2L Inline-4,"1,200 cc",60,130,16,10000,Petrol,4,90
Peugeot,308 Allure,Inline-4,"1,199 cc",130,205,9.3,25000,Petrol,5,230
Peugeot,208 Allure Premium,Inline-4,"1,199 cc",130,200,9.5,28000,Petrol,5,230
Peugeot,308 Saloon,Inline-4,"1,199 cc",130,200,9,28000,Petrol,5,230
Peugeot,2008 Allure,Inline-4,"1,199 cc",130,200,9.7,27000,Petrol,5,230
Peugeot,2008 GT,Inline-4,"1,199 cc",130,200,9.3,25000,Petrol,5,230
Peugeot,2008,Inline-4,"1,199 cc",100,190,9,25000,Petrol,5,205
Peugeot,2008 Active,Inline-4,"1,199 cc",100,190,11.2,22000,Petrol,5,205
Peugeot,208 Sedan,Inline-4,"1,199 cc",100,190,11.2,22000,Petrol,5,205
Peugeot,208,Inline-4,"1,199 cc",82,180,10.5,22000,Petrol,5,160
Peugeot,301 Sedan,Inline-4,"1,199 cc",82,180,12,20000,Petrol,5,115
Hyundai,I10,"1.2L,4-CYLINDER,INLINE-4(I4)","1,197 cc",87,160,12.2,12400,Petrol,5,120
MARUTI SUZUKI,DZIRE,"1.2L,4-CYLINDER,INLINE-4(I4)","1,197 cc",83,160,12.2,11400,Petrol,5,113
MARUTI SUZUKI,SWIFT,"1.2L,4-CYLINDER,INLINE-4(I4)","1,197 cc",83,160,12.2,10400,Petrol,5,113
Ford,Fiesta,1.0L EcoBoost,"1,000 cc",85,200,7,15000,Petrol,5,130
Ford,Puma,Turbocharged Inline-3,"1,000 cc",123,191,9.6,28000,Petrol,5,200
Mazda,Cosmo Sport (110S),1.0L Inline-2 (Wankel),"1,000 cc",110,170,10,30000,Petrol,2,150
Ford,Focus,1.0L EcoBoost / 1.5L / 2.0L,"1,000 - 2,000 cc",120,220,6.5,20000,Petrol,5,150
Ford,EcoSport,1.0L Turbo Inline-3 / 2.0L,"1,000 - 2,000 cc",123,180,9,20000,Petrol,5,170
